,OptSeries,Side,Exits,EntryTTX,EntryPrice,Invested,ExitTTX,ExitPrice,ProfitLoss,%Return
0,"('US 500', '2021-07-16', '14:20', 4332.75)",long,"(75, 50)",9,71,72,9,75,2,2.7777777777777777
1,"('US 500', '2021-07-16', '14:20', 4332.75)",long,"(75, 50)",9,72,73,9,75,1,1.36986301369863
2,"('US 500', '2021-07-16', '14:20', 4332.75)",long,"(75, 50)",9,73,74,9,75,0,0.0
3,"('US 500', '2021-07-16', '14:20', 4332.75)",long,"(75, 50)",9,74,75,9,75,-1,-1.3333333333333333
4,"('US 500', '2021-07-16', '14:20', 4332.75)",long,"(75, 50)",8,55,56,8,50,-7,-12.5
5,"('US 500', '2021-07-16', '14:20', 4332.75)",long,"(75, 50)",8,56,57,8,50,-8,-14.035087719298245
6,"('US 500', '2021-07-16', '14:20', 4332.75)",long,"(75, 50)",8,57,58,8,50,-9,-15.517241379310345
7,"('US 500', '2021-07-16', '14:20', 4332.75)",long,"(75, 50)",8,58,59,8,50,-10,-16.949152542372882
8,"('US 500', '2021-07-16', '14:20', 4332.75)",long,"(75, 50)",8,59,60,8,50,-11,-18.333333333333332
9,"('US 500', '2021-07-16', '14:20', 4332.75)",long,"(75, 50)",8,60,61,8,50,-12,-19.672131147540984
10,"('US 500', '2021-07-16', '14:20', 4332.75)",long,"(75, 50)",8,61,62,8,50,-13,-20.967741935483872
11,"('US 500', '2021-07-16', '14:20', 4332.75)",long,"(75, 50)",8,62,63,8,50,-14,-22.22222222222222
12,"('US 500', '2021-07-16', '14:20', 4332.75)",long,"(75, 50)",8,63,64,8,50,-15,-23.4375
13,"('US 500', '2021-07-16', '14:20', 4332.75)",long,"(75, 50)",8,64,65,8,50,-16,-24.615384615384617
14,"('US 500', '2021-07-16', '14:20', 4332.75)",long,"(75, 50)",8,65,66,8,50,-17,-25.757575757575758
15,"('US 500', '2021-07-16', '14:20', 4332.75)",long,"(75, 50)",8,66,67,8,50,-18,-26.865671641791046
16,"('US 500', '2021-07-16', '14:20', 4332.75)",long,"(75, 50)",8,67,68,8,50,-19,-27.941176470588236
17,"('US 500', '2021-07-16', '14:20', 4332.75)",long,"(75, 50)",8,68,69,8,50,-20,-28.985507246376812
18,"('US 500', '2021-07-16', '14:20', 4332.75)",long,"(75, 50)",8,69,70,8,50,-21,-30.0
19,"('US 500', '2021-07-16', '14:20', 4332.75)",long,"(75, 50)",8,70,71,8,50,-22,-30.985915492957748
20,"('US 500', '2021-07-16', '14:20', 4332.75)",long,"(75, 50)",8,71,72,8,50,-23,-31.944444444444443
21,"('US 500', '2021-07-16', '14:20', 4332.75)",long,"(75, 50)",8,72,73,8,50,-24,-32.87671232876713
22,"('US 500', '2021-07-16', '14:20', 4332.75)",long,"(75, 50)",8,73,74,8,50,-25,-33.78378378378378
23,"('US 500', '2021-07-16', '14:20', 4332.75)",long,"(75, 50)",8,74,75,8,50,-26,-34.666666666666664
24,"('US 500', '2021-07-16', '14:20', 4332.75)",long,"(75, 50)",7,55,56,7,50,-7,-12.5
25,"('US 500', '2021-07-16', '14:20', 4332.75)",long,"(75, 50)",7,56,57,7,50,-8,-14.035087719298245
26,"('US 500', '2021-07-16', '14:20', 4332.75)",long,"(75, 50)",7,57,58,7,50,-9,-15.517241379310345
27,"('US 500', '2021-07-16', '14:20', 4332.75)",long,"(75, 50)",7,58,59,7,50,-10,-16.949152542372882
28,"('US 500', '2021-07-16', '14:20', 4332.75)",long,"(75, 50)",7,59,60,7,50,-11,-18.333333333333332
29,"('US 500', '2021-07-16', '14:20', 4332.75)",long,"(75, 50)",7,60,61,7,50,-12,-19.672131147540984
30,"('US 500', '2021-07-16', '14:20', 4332.75)",long,"(75, 50)",7,61,62,7,50,-13,-20.967741935483872
31,"('US 500', '2021-07-16', '14:20', 4332.75)",long,"(75, 50)",7,62,63,7,50,-14,-22.22222222222222
32,"('US 500', '2021-07-16', '14:20', 4332.75)",long,"(75, 50)",6,55,56,6,50,-7,-12.5
33,"('US 500', '2021-07-16', '14:20', 4332.75)",long,"(75, 50)",6,56,57,6,50,-8,-14.035087719298245
34,"('US 500', '2021-07-16', '14:20', 4332.75)",long,"(75, 50)",6,57,58,6,50,-9,-15.517241379310345
35,"('US 500', '2021-07-16', '14:20', 4332.75)",long,"(75, 50)",6,58,59,6,50,-10,-16.949152542372882
36,"('US 500', '2021-07-16', '14:20', 4332.75)",long,"(75, 50)",6,59,60,6,50,-11,-18.333333333333332
37,"('US 500', '2021-07-16', '14:20', 4332.75)",long,"(75, 50)",6,60,61,6,50,-12,-19.672131147540984
38,"('US 500', '2021-07-16', '14:20', 4332.75)",long,"(75, 50)",6,61,62,6,50,-13,-20.967741935483872
39,"('US 500', '2021-07-16', '14:20', 4332.75)",long,"(75, 50)",6,62,63,6,50,-14,-22.22222222222222
40,"('US 500', '2021-07-16', '14:20', 4332.75)",long,"(75, 50)",6,63,64,6,50,-15,-23.4375
41,"('US 500', '2021-07-16', '14:20', 4332.75)",long,"(75, 50)",6,64,65,6,50,-16,-24.615384615384617
42,"('US 500', '2021-07-16', '14:20', 4332.75)",long,"(75, 50)",6,65,66,6,50,-17,-25.757575757575758
43,"('US 500', '2021-07-16', '14:20', 4332.75)",long,"(75, 50)",6,66,67,6,50,-18,-26.865671641791046
44,"('US 500', '2021-07-16', '14:20', 4332.75)",long,"(75, 50)",6,67,68,6,50,-19,-27.941176470588236
45,"('US 500', '2021-07-16', '14:20', 4332.75)",long,"(75, 50)",6,68,69,6,50,-20,-28.985507246376812
46,"('US 500', '2021-07-16', '14:20', 4332.75)",long,"(75, 50)",5,63,64,5,75,10,15.625
47,"('US 500', '2021-07-16', '14:20', 4332.75)",long,"(75, 50)",5,64,65,5,75,9,13.846153846153847
48,"('US 500', '2021-07-16', '14:20', 4332.75)",long,"(75, 50)",5,65,66,5,75,8,12.121212121212121
49,"('US 500', '2021-07-16', '14:20', 4332.75)",long,"(75, 50)",5,66,67,5,75,7,10.447761194029852
50,"('US 500', '2021-07-16', '14:20', 4332.75)",long,"(75, 50)",5,67,68,5,75,6,8.823529411764707
51,"('US 500', '2021-07-16', '14:20', 4332.75)",long,"(75, 50)",5,68,69,5,75,5,7.246376811594203
52,"('US 500', '2021-07-16', '14:20', 4332.75)",long,"(75, 50)",5,69,70,5,75,4,5.714285714285714
53,"('US 500', '2021-07-16', '14:20', 4332.75)",long,"(75, 50)",5,70,71,5,75,3,4.225352112676056
54,"('US 500', '2021-07-16', '14:20', 4332.75)",long,"(75, 50)",5,71,72,5,75,2,2.7777777777777777
55,"('US 500', '2021-07-16', '14:20', 4332.75)",long,"(75, 50)",5,72,73,5,75,1,1.36986301369863
56,"('US 500', '2021-07-16', '14:20', 4332.75)",long,"(75, 50)",5,73,74,5,75,0,0.0
57,"('US 500', '2021-07-16', '14:20', 4332.75)",long,"(75, 50)",5,74,75,5,75,-1,-1.3333333333333333
58,"('US 500', '2021-07-16', '14:20', 4332.75)",long,"(75, 50)",4,64,65,4,75,9,13.846153846153847
59,"('US 500', '2021-07-16', '14:20', 4332.75)",long,"(75, 50)",4,65,66,4,75,8,12.121212121212121
60,"('US 500', '2021-07-16', '14:20', 4332.75)",long,"(75, 50)",4,66,67,4,75,7,10.447761194029852
61,"('US 500', '2021-07-16', '14:20', 4332.75)",long,"(75, 50)",4,67,68,4,75,6,8.823529411764707
62,"('US 500', '2021-07-16', '14:20', 4332.75)",long,"(75, 50)",4,68,69,4,75,5,7.246376811594203
63,"('US 500', '2021-07-16', '14:20', 4332.75)",long,"(75, 50)",4,69,70,4,75,4,5.714285714285714
64,"('US 500', '2021-07-16', '14:20', 4332.75)",long,"(75, 50)",4,70,71,4,75,3,4.225352112676056
65,"('US 500', '2021-07-16', '14:20', 4332.75)",long,"(75, 50)",4,71,72,4,75,2,2.7777777777777777
66,"('US 500', '2021-07-16', '14:20', 4332.75)",long,"(75, 50)",4,72,73,4,75,1,1.36986301369863
67,"('US 500', '2021-07-16', '14:20', 4332.75)",long,"(75, 50)",4,73,74,4,75,0,0.0
68,"('US 500', '2021-07-16', '14:20', 4332.75)",long,"(75, 50)",4,74,75,4,75,-1,-1.3333333333333333
69,"('US 500', '2021-07-16', '14:20', 4332.75)",long,"(75, 40)",9,71,72,9,75,2,2.7777777777777777
70,"('US 500', '2021-07-16', '14:20', 4332.75)",long,"(75, 40)",9,72,73,9,75,1,1.36986301369863
71,"('US 500', '2021-07-16', '14:20', 4332.75)",long,"(75, 40)",9,73,74,9,75,0,0.0
72,"('US 500', '2021-07-16', '14:20', 4332.75)",long,"(75, 40)",9,74,75,9,75,-1,-1.3333333333333333
73,"('US 500', '2021-07-16', '14:20', 4332.75)",long,"(75, 40)",8,55,56,7,40,-17,-30.357142857142858
74,"('US 500', '2021-07-16', '14:20', 4332.75)",long,"(75, 40)",8,56,57,7,40,-18,-31.57894736842105
75,"('US 500', '2021-07-16', '14:20', 4332.75)",long,"(75, 40)",8,57,58,7,40,-19,-32.758620689655174
76,"('US 500', '2021-07-16', '14:20', 4332.75)",long,"(75, 40)",8,58,59,7,40,-20,-33.898305084745765
77,"('US 500', '2021-07-16', '14:20', 4332.75)",long,"(75, 40)",8,59,60,7,40,-21,-35.0
78,"('US 500', '2021-07-16', '14:20', 4332.75)",long,"(75, 40)",8,60,61,7,40,-22,-36.0655737704918
79,"('US 500', '2021-07-16', '14:20', 4332.75)",long,"(75, 40)",8,61,62,7,40,-23,-37.096774193548384
80,"('US 500', '2021-07-16', '14:20', 4332.75)",long,"(75, 40)",8,62,63,7,40,-24,-38.095238095238095
81,"('US 500', '2021-07-16', '14:20', 4332.75)",long,"(75, 40)",8,63,64,7,40,-25,-39.0625
82,"('US 500', '2021-07-16', '14:20', 4332.75)",long,"(75, 40)",8,64,65,7,40,-26,-40.0
83,"('US 500', '2021-07-16', '14:20', 4332.75)",long,"(75, 40)",8,65,66,7,40,-27,-40.90909090909091
84,"('US 500', '2021-07-16', '14:20', 4332.75)",long,"(75, 40)",8,66,67,7,40,-28,-41.791044776119406
85,"('US 500', '2021-07-16', '14:20', 4332.75)",long,"(75, 40)",8,67,68,7,40,-29,-42.64705882352941
86,"('US 500', '2021-07-16', '14:20', 4332.75)",long,"(75, 40)",8,68,69,7,40,-30,-43.47826086956522
87,"('US 500', '2021-07-16', '14:20', 4332.75)",long,"(75, 40)",8,69,70,7,40,-31,-44.285714285714285
88,"('US 500', '2021-07-16', '14:20', 4332.75)",long,"(75, 40)",8,70,71,7,40,-32,-45.070422535211264
89,"('US 500', '2021-07-16', '14:20', 4332.75)",long,"(75, 40)",8,71,72,7,40,-33,-45.833333333333336
90,"('US 500', '2021-07-16', '14:20', 4332.75)",long,"(75, 40)",8,72,73,7,40,-34,-46.57534246575342
91,"('US 500', '2021-07-16', '14:20', 4332.75)",long,"(75, 40)",8,73,74,7,40,-35,-47.2972972972973
92,"('US 500', '2021-07-16', '14:20', 4332.75)",long,"(75, 40)",8,74,75,7,40,-36,-48.0
93,"('US 500', '2021-07-16', '14:20', 4332.75)",long,"(75, 40)",7,55,56,7,40,-17,-30.357142857142858
94,"('US 500', '2021-07-16', '14:20', 4332.75)",long,"(75, 40)",7,56,57,7,40,-18,-31.57894736842105
95,"('US 500', '2021-07-16', '14:20', 4332.75)",long,"(75, 40)",7,57,58,7,40,-19,-32.758620689655174
96,"('US 500', '2021-07-16', '14:20', 4332.75)",long,"(75, 40)",7,58,59,7,40,-20,-33.898305084745765
97,"('US 500', '2021-07-16', '14:20', 4332.75)",long,"(75, 40)",7,59,60,7,40,-21,-35.0
98,"('US 500', '2021-07-16', '14:20', 4332.75)",long,"(75, 40)",7,60,61,7,40,-22,-36.0655737704918
99,"('US 500', '2021-07-16', '14:20', 4332.75)",long,"(75, 40)",7,61,62,7,40,-23,-37.096774193548384
100,"('US 500', '2021-07-16', '14:20', 4332.75)",long,"(75, 40)",7,62,63,7,40,-24,-38.095238095238095
101,"('US 500', '2021-07-16', '14:20', 4332.75)",long,"(75, 40)",6,55,56,6,40,-17,-30.357142857142858
102,"('US 500', '2021-07-16', '14:20', 4332.75)",long,"(75, 40)",6,56,57,6,40,-18,-31.57894736842105
103,"('US 500', '2021-07-16', '14:20', 4332.75)",long,"(75, 40)",6,57,58,6,40,-19,-32.758620689655174
104,"('US 500', '2021-07-16', '14:20', 4332.75)",long,"(75, 40)",6,58,59,6,40,-20,-33.898305084745765
105,"('US 500', '2021-07-16', '14:20', 4332.75)",long,"(75, 40)",6,59,60,6,40,-21,-35.0
106,"('US 500', '2021-07-16', '14:20', 4332.75)",long,"(75, 40)",6,60,61,6,40,-22,-36.0655737704918
107,"('US 500', '2021-07-16', '14:20', 4332.75)",long,"(75, 40)",6,61,62,6,40,-23,-37.096774193548384
108,"('US 500', '2021-07-16', '14:20', 4332.75)",long,"(75, 40)",6,62,63,6,40,-24,-38.095238095238095
109,"('US 500', '2021-07-16', '14:20', 4332.75)",long,"(75, 40)",6,63,64,6,40,-25,-39.0625
110,"('US 500', '2021-07-16', '14:20', 4332.75)",long,"(75, 40)",6,64,65,6,40,-26,-40.0
111,"('US 500', '2021-07-16', '14:20', 4332.75)",long,"(75, 40)",6,65,66,6,40,-27,-40.90909090909091
112,"('US 500', '2021-07-16', '14:20', 4332.75)",long,"(75, 40)",6,66,67,6,40,-28,-41.791044776119406
113,"('US 500', '2021-07-16', '14:20', 4332.75)",long,"(75, 40)",6,67,68,6,40,-29,-42.64705882352941
114,"('US 500', '2021-07-16', '14:20', 4332.75)",long,"(75, 40)",6,68,69,6,40,-30,-43.47826086956522
115,"('US 500', '2021-07-16', '14:20', 4332.75)",long,"(75, 40)",5,63,64,5,75,10,15.625
116,"('US 500', '2021-07-16', '14:20', 4332.75)",long,"(75, 40)",5,64,65,5,75,9,13.846153846153847
117,"('US 500', '2021-07-16', '14:20', 4332.75)",long,"(75, 40)",5,65,66,5,75,8,12.121212121212121
118,"('US 500', '2021-07-16', '14:20', 4332.75)",long,"(75, 40)",5,66,67,5,75,7,10.447761194029852
119,"('US 500', '2021-07-16', '14:20', 4332.75)",long,"(75, 40)",5,67,68,5,75,6,8.823529411764707
120,"('US 500', '2021-07-16', '14:20', 4332.75)",long,"(75, 40)",5,68,69,5,75,5,7.246376811594203
121,"('US 500', '2021-07-16', '14:20', 4332.75)",long,"(75, 40)",5,69,70,5,75,4,5.714285714285714
122,"('US 500', '2021-07-16', '14:20', 4332.75)",long,"(75, 40)",5,70,71,5,75,3,4.225352112676056
123,"('US 500', '2021-07-16', '14:20', 4332.75)",long,"(75, 40)",5,71,72,5,75,2,2.7777777777777777
124,"('US 500', '2021-07-16', '14:20', 4332.75)",long,"(75, 40)",5,72,73,5,75,1,1.36986301369863
125,"('US 500', '2021-07-16', '14:20', 4332.75)",long,"(75, 40)",5,73,74,5,75,0,0.0
126,"('US 500', '2021-07-16', '14:20', 4332.75)",long,"(75, 40)",5,74,75,5,75,-1,-1.3333333333333333
127,"('US 500', '2021-07-16', '14:20', 4332.75)",long,"(75, 40)",4,64,65,4,75,9,13.846153846153847
128,"('US 500', '2021-07-16', '14:20', 4332.75)",long,"(75, 40)",4,65,66,4,75,8,12.121212121212121
129,"('US 500', '2021-07-16', '14:20', 4332.75)",long,"(75, 40)",4,66,67,4,75,7,10.447761194029852
130,"('US 500', '2021-07-16', '14:20', 4332.75)",long,"(75, 40)",4,67,68,4,75,6,8.823529411764707
131,"('US 500', '2021-07-16', '14:20', 4332.75)",long,"(75, 40)",4,68,69,4,75,5,7.246376811594203
132,"('US 500', '2021-07-16', '14:20', 4332.75)",long,"(75, 40)",4,69,70,4,75,4,5.714285714285714
133,"('US 500', '2021-07-16', '14:20', 4332.75)",long,"(75, 40)",4,70,71,4,75,3,4.225352112676056
134,"('US 500', '2021-07-16', '14:20', 4332.75)",long,"(75, 40)",4,71,72,4,75,2,2.7777777777777777
135,"('US 500', '2021-07-16', '14:20', 4332.75)",long,"(75, 40)",4,72,73,4,75,1,1.36986301369863
136,"('US 500', '2021-07-16', '14:20', 4332.75)",long,"(75, 40)",4,73,74,4,75,0,0.0
137,"('US 500', '2021-07-16', '14:20', 4332.75)",long,"(75, 40)",4,74,75,4,75,-1,-1.3333333333333333
138,"('US 500', '2021-07-16', '14:20', 4332.75)",long,"(80, 50)",9,71,72,8,50,-23,-31.944444444444443
139,"('US 500', '2021-07-16', '14:20', 4332.75)",long,"(80, 50)",9,72,73,8,50,-24,-32.87671232876713
140,"('US 500', '2021-07-16', '14:20', 4332.75)",long,"(80, 50)",9,73,74,8,50,-25,-33.78378378378378
141,"('US 500', '2021-07-16', '14:20', 4332.75)",long,"(80, 50)",9,74,75,8,50,-26,-34.666666666666664
142,"('US 500', '2021-07-16', '14:20', 4332.75)",long,"(80, 50)",8,55,56,8,50,-7,-12.5
143,"('US 500', '2021-07-16', '14:20', 4332.75)",long,"(80, 50)",8,56,57,8,50,-8,-14.035087719298245
144,"('US 500', '2021-07-16', '14:20', 4332.75)",long,"(80, 50)",8,57,58,8,50,-9,-15.517241379310345
145,"('US 500', '2021-07-16', '14:20', 4332.75)",long,"(80, 50)",8,58,59,8,50,-10,-16.949152542372882
146,"('US 500', '2021-07-16', '14:20', 4332.75)",long,"(80, 50)",8,59,60,8,50,-11,-18.333333333333332
147,"('US 500', '2021-07-16', '14:20', 4332.75)",long,"(80, 50)",8,60,61,8,50,-12,-19.672131147540984
148,"('US 500', '2021-07-16', '14:20', 4332.75)",long,"(80, 50)",8,61,62,8,50,-13,-20.967741935483872
149,"('US 500', '2021-07-16', '14:20', 4332.75)",long,"(80, 50)",8,62,63,8,50,-14,-22.22222222222222
150,"('US 500', '2021-07-16', '14:20', 4332.75)",long,"(80, 50)",8,63,64,8,50,-15,-23.4375
151,"('US 500', '2021-07-16', '14:20', 4332.75)",long,"(80, 50)",8,64,65,8,50,-16,-24.615384615384617
152,"('US 500', '2021-07-16', '14:20', 4332.75)",long,"(80, 50)",8,65,66,8,50,-17,-25.757575757575758
153,"('US 500', '2021-07-16', '14:20', 4332.75)",long,"(80, 50)",8,66,67,8,50,-18,-26.865671641791046
154,"('US 500', '2021-07-16', '14:20', 4332.75)",long,"(80, 50)",8,67,68,8,50,-19,-27.941176470588236
155,"('US 500', '2021-07-16', '14:20', 4332.75)",long,"(80, 50)",8,68,69,8,50,-20,-28.985507246376812
156,"('US 500', '2021-07-16', '14:20', 4332.75)",long,"(80, 50)",8,69,70,8,50,-21,-30.0
157,"('US 500', '2021-07-16', '14:20', 4332.75)",long,"(80, 50)",8,70,71,8,50,-22,-30.985915492957748
158,"('US 500', '2021-07-16', '14:20', 4332.75)",long,"(80, 50)",8,71,72,8,50,-23,-31.944444444444443
159,"('US 500', '2021-07-16', '14:20', 4332.75)",long,"(80, 50)",8,72,73,8,50,-24,-32.87671232876713
160,"('US 500', '2021-07-16', '14:20', 4332.75)",long,"(80, 50)",8,73,74,8,50,-25,-33.78378378378378
161,"('US 500', '2021-07-16', '14:20', 4332.75)",long,"(80, 50)",8,74,75,8,50,-26,-34.666666666666664
162,"('US 500', '2021-07-16', '14:20', 4332.75)",long,"(80, 50)",7,55,56,7,50,-7,-12.5
163,"('US 500', '2021-07-16', '14:20', 4332.75)",long,"(80, 50)",7,56,57,7,50,-8,-14.035087719298245
164,"('US 500', '2021-07-16', '14:20', 4332.75)",long,"(80, 50)",7,57,58,7,50,-9,-15.517241379310345
165,"('US 500', '2021-07-16', '14:20', 4332.75)",long,"(80, 50)",7,58,59,7,50,-10,-16.949152542372882
166,"('US 500', '2021-07-16', '14:20', 4332.75)",long,"(80, 50)",7,59,60,7,50,-11,-18.333333333333332
167,"('US 500', '2021-07-16', '14:20', 4332.75)",long,"(80, 50)",7,60,61,7,50,-12,-19.672131147540984
168,"('US 500', '2021-07-16', '14:20', 4332.75)",long,"(80, 50)",7,61,62,7,50,-13,-20.967741935483872
169,"('US 500', '2021-07-16', '14:20', 4332.75)",long,"(80, 50)",7,62,63,7,50,-14,-22.22222222222222
170,"('US 500', '2021-07-16', '14:20', 4332.75)",long,"(80, 50)",6,55,56,6,50,-7,-12.5
171,"('US 500', '2021-07-16', '14:20', 4332.75)",long,"(80, 50)",6,56,57,6,50,-8,-14.035087719298245
172,"('US 500', '2021-07-16', '14:20', 4332.75)",long,"(80, 50)",6,57,58,6,50,-9,-15.517241379310345
173,"('US 500', '2021-07-16', '14:20', 4332.75)",long,"(80, 50)",6,58,59,6,50,-10,-16.949152542372882
174,"('US 500', '2021-07-16', '14:20', 4332.75)",long,"(80, 50)",6,59,60,6,50,-11,-18.333333333333332
175,"('US 500', '2021-07-16', '14:20', 4332.75)",long,"(80, 50)",6,60,61,6,50,-12,-19.672131147540984
176,"('US 500', '2021-07-16', '14:20', 4332.75)",long,"(80, 50)",6,61,62,6,50,-13,-20.967741935483872
177,"('US 500', '2021-07-16', '14:20', 4332.75)",long,"(80, 50)",6,62,63,6,50,-14,-22.22222222222222
178,"('US 500', '2021-07-16', '14:20', 4332.75)",long,"(80, 50)",6,63,64,6,50,-15,-23.4375
179,"('US 500', '2021-07-16', '14:20', 4332.75)",long,"(80, 50)",6,64,65,6,50,-16,-24.615384615384617
180,"('US 500', '2021-07-16', '14:20', 4332.75)",long,"(80, 50)",6,65,66,6,50,-17,-25.757575757575758
181,"('US 500', '2021-07-16', '14:20', 4332.75)",long,"(80, 50)",6,66,67,6,50,-18,-26.865671641791046
182,"('US 500', '2021-07-16', '14:20', 4332.75)",long,"(80, 50)",6,67,68,6,50,-19,-27.941176470588236
183,"('US 500', '2021-07-16', '14:20', 4332.75)",long,"(80, 50)",6,68,69,6,50,-20,-28.985507246376812
184,"('US 500', '2021-07-16', '14:20', 4332.75)",long,"(80, 50)",5,63,64,5,80,15,23.4375
185,"('US 500', '2021-07-16', '14:20', 4332.75)",long,"(80, 50)",5,64,65,5,80,14,21.53846153846154
186,"('US 500', '2021-07-16', '14:20', 4332.75)",long,"(80, 50)",5,65,66,5,80,13,19.696969696969695
187,"('US 500', '2021-07-16', '14:20', 4332.75)",long,"(80, 50)",5,66,67,5,80,12,17.91044776119403
188,"('US 500', '2021-07-16', '14:20', 4332.75)",long,"(80, 50)",5,67,68,5,80,11,16.176470588235293
189,"('US 500', '2021-07-16', '14:20', 4332.75)",long,"(80, 50)",5,68,69,5,80,10,14.492753623188406
190,"('US 500', '2021-07-16', '14:20', 4332.75)",long,"(80, 50)",5,69,70,5,80,9,12.857142857142858
191,"('US 500', '2021-07-16', '14:20', 4332.75)",long,"(80, 50)",5,70,71,5,80,8,11.267605633802816
192,"('US 500', '2021-07-16', '14:20', 4332.75)",long,"(80, 50)",5,71,72,5,80,7,9.722222222222221
193,"('US 500', '2021-07-16', '14:20', 4332.75)",long,"(80, 50)",5,72,73,5,80,6,8.219178082191782
194,"('US 500', '2021-07-16', '14:20', 4332.75)",long,"(80, 50)",5,73,74,5,80,5,6.756756756756757
195,"('US 500', '2021-07-16', '14:20', 4332.75)",long,"(80, 50)",5,74,75,5,80,4,5.333333333333333
196,"('US 500', '2021-07-16', '14:20', 4332.75)",long,"(80, 50)",4,64,65,4,80,14,21.53846153846154
197,"('US 500', '2021-07-16', '14:20', 4332.75)",long,"(80, 50)",4,65,66,4,80,13,19.696969696969695
198,"('US 500', '2021-07-16', '14:20', 4332.75)",long,"(80, 50)",4,66,67,4,80,12,17.91044776119403
199,"('US 500', '2021-07-16', '14:20', 4332.75)",long,"(80, 50)",4,67,68,4,80,11,16.176470588235293
200,"('US 500', '2021-07-16', '14:20', 4332.75)",long,"(80, 50)",4,68,69,4,80,10,14.492753623188406
201,"('US 500', '2021-07-16', '14:20', 4332.75)",long,"(80, 50)",4,69,70,4,80,9,12.857142857142858
202,"('US 500', '2021-07-16', '14:20', 4332.75)",long,"(80, 50)",4,70,71,4,80,8,11.267605633802816
203,"('US 500', '2021-07-16', '14:20', 4332.75)",long,"(80, 50)",4,71,72,4,80,7,9.722222222222221
204,"('US 500', '2021-07-16', '14:20', 4332.75)",long,"(80, 50)",4,72,73,4,80,6,8.219178082191782
205,"('US 500', '2021-07-16', '14:20', 4332.75)",long,"(80, 50)",4,73,74,4,80,5,6.756756756756757
206,"('US 500', '2021-07-16', '14:20', 4332.75)",long,"(80, 50)",4,74,75,4,80,4,5.333333333333333
207,"('US 500', '2021-07-16', '14:20', 4332.75)",long,"(80, 40)",9,71,72,7,40,-33,-45.833333333333336
208,"('US 500', '2021-07-16', '14:20', 4332.75)",long,"(80, 40)",9,72,73,7,40,-34,-46.57534246575342
209,"('US 500', '2021-07-16', '14:20', 4332.75)",long,"(80, 40)",9,73,74,7,40,-35,-47.2972972972973
210,"('US 500', '2021-07-16', '14:20', 4332.75)",long,"(80, 40)",9,74,75,7,40,-36,-48.0
211,"('US 500', '2021-07-16', '14:20', 4332.75)",long,"(80, 40)",8,55,56,7,40,-17,-30.357142857142858
212,"('US 500', '2021-07-16', '14:20', 4332.75)",long,"(80, 40)",8,56,57,7,40,-18,-31.57894736842105
213,"('US 500', '2021-07-16', '14:20', 4332.75)",long,"(80, 40)",8,57,58,7,40,-19,-32.758620689655174
214,"('US 500', '2021-07-16', '14:20', 4332.75)",long,"(80, 40)",8,58,59,7,40,-20,-33.898305084745765
215,"('US 500', '2021-07-16', '14:20', 4332.75)",long,"(80, 40)",8,59,60,7,40,-21,-35.0
216,"('US 500', '2021-07-16', '14:20', 4332.75)",long,"(80, 40)",8,60,61,7,40,-22,-36.0655737704918
217,"('US 500', '2021-07-16', '14:20', 4332.75)",long,"(80, 40)",8,61,62,7,40,-23,-37.096774193548384
218,"('US 500', '2021-07-16', '14:20', 4332.75)",long,"(80, 40)",8,62,63,7,40,-24,-38.095238095238095
219,"('US 500', '2021-07-16', '14:20', 4332.75)",long,"(80, 40)",8,63,64,7,40,-25,-39.0625
220,"('US 500', '2021-07-16', '14:20', 4332.75)",long,"(80, 40)",8,64,65,7,40,-26,-40.0
221,"('US 500', '2021-07-16', '14:20', 4332.75)",long,"(80, 40)",8,65,66,7,40,-27,-40.90909090909091
222,"('US 500', '2021-07-16', '14:20', 4332.75)",long,"(80, 40)",8,66,67,7,40,-28,-41.791044776119406
223,"('US 500', '2021-07-16', '14:20', 4332.75)",long,"(80, 40)",8,67,68,7,40,-29,-42.64705882352941
224,"('US 500', '2021-07-16', '14:20', 4332.75)",long,"(80, 40)",8,68,69,7,40,-30,-43.47826086956522
225,"('US 500', '2021-07-16', '14:20', 4332.75)",long,"(80, 40)",8,69,70,7,40,-31,-44.285714285714285
226,"('US 500', '2021-07-16', '14:20', 4332.75)",long,"(80, 40)",8,70,71,7,40,-32,-45.070422535211264
227,"('US 500', '2021-07-16', '14:20', 4332.75)",long,"(80, 40)",8,71,72,7,40,-33,-45.833333333333336
228,"('US 500', '2021-07-16', '14:20', 4332.75)",long,"(80, 40)",8,72,73,7,40,-34,-46.57534246575342
229,"('US 500', '2021-07-16', '14:20', 4332.75)",long,"(80, 40)",8,73,74,7,40,-35,-47.2972972972973
230,"('US 500', '2021-07-16', '14:20', 4332.75)",long,"(80, 40)",8,74,75,7,40,-36,-48.0
231,"('US 500', '2021-07-16', '14:20', 4332.75)",long,"(80, 40)",7,55,56,7,40,-17,-30.357142857142858
232,"('US 500', '2021-07-16', '14:20', 4332.75)",long,"(80, 40)",7,56,57,7,40,-18,-31.57894736842105
233,"('US 500', '2021-07-16', '14:20', 4332.75)",long,"(80, 40)",7,57,58,7,40,-19,-32.758620689655174
234,"('US 500', '2021-07-16', '14:20', 4332.75)",long,"(80, 40)",7,58,59,7,40,-20,-33.898305084745765
235,"('US 500', '2021-07-16', '14:20', 4332.75)",long,"(80, 40)",7,59,60,7,40,-21,-35.0
236,"('US 500', '2021-07-16', '14:20', 4332.75)",long,"(80, 40)",7,60,61,7,40,-22,-36.0655737704918
237,"('US 500', '2021-07-16', '14:20', 4332.75)",long,"(80, 40)",7,61,62,7,40,-23,-37.096774193548384
238,"('US 500', '2021-07-16', '14:20', 4332.75)",long,"(80, 40)",7,62,63,7,40,-24,-38.095238095238095
239,"('US 500', '2021-07-16', '14:20', 4332.75)",long,"(80, 40)",6,55,56,6,40,-17,-30.357142857142858
240,"('US 500', '2021-07-16', '14:20', 4332.75)",long,"(80, 40)",6,56,57,6,40,-18,-31.57894736842105
241,"('US 500', '2021-07-16', '14:20', 4332.75)",long,"(80, 40)",6,57,58,6,40,-19,-32.758620689655174
242,"('US 500', '2021-07-16', '14:20', 4332.75)",long,"(80, 40)",6,58,59,6,40,-20,-33.898305084745765
243,"('US 500', '2021-07-16', '14:20', 4332.75)",long,"(80, 40)",6,59,60,6,40,-21,-35.0
244,"('US 500', '2021-07-16', '14:20', 4332.75)",long,"(80, 40)",6,60,61,6,40,-22,-36.0655737704918
245,"('US 500', '2021-07-16', '14:20', 4332.75)",long,"(80, 40)",6,61,62,6,40,-23,-37.096774193548384
246,"('US 500', '2021-07-16', '14:20', 4332.75)",long,"(80, 40)",6,62,63,6,40,-24,-38.095238095238095
247,"('US 500', '2021-07-16', '14:20', 4332.75)",long,"(80, 40)",6,63,64,6,40,-25,-39.0625
248,"('US 500', '2021-07-16', '14:20', 4332.75)",long,"(80, 40)",6,64,65,6,40,-26,-40.0
249,"('US 500', '2021-07-16', '14:20', 4332.75)",long,"(80, 40)",6,65,66,6,40,-27,-40.90909090909091
250,"('US 500', '2021-07-16', '14:20', 4332.75)",long,"(80, 40)",6,66,67,6,40,-28,-41.791044776119406
251,"('US 500', '2021-07-16', '14:20', 4332.75)",long,"(80, 40)",6,67,68,6,40,-29,-42.64705882352941
252,"('US 500', '2021-07-16', '14:20', 4332.75)",long,"(80, 40)",6,68,69,6,40,-30,-43.47826086956522
253,"('US 500', '2021-07-16', '14:20', 4332.75)",long,"(80, 40)",5,63,64,5,80,15,23.4375
254,"('US 500', '2021-07-16', '14:20', 4332.75)",long,"(80, 40)",5,64,65,5,80,14,21.53846153846154
255,"('US 500', '2021-07-16', '14:20', 4332.75)",long,"(80, 40)",5,65,66,5,80,13,19.696969696969695
256,"('US 500', '2021-07-16', '14:20', 4332.75)",long,"(80, 40)",5,66,67,5,80,12,17.91044776119403
257,"('US 500', '2021-07-16', '14:20', 4332.75)",long,"(80, 40)",5,67,68,5,80,11,16.176470588235293
258,"('US 500', '2021-07-16', '14:20', 4332.75)",long,"(80, 40)",5,68,69,5,80,10,14.492753623188406
259,"('US 500', '2021-07-16', '14:20', 4332.75)",long,"(80, 40)",5,69,70,5,80,9,12.857142857142858
260,"('US 500', '2021-07-16', '14:20', 4332.75)",long,"(80, 40)",5,70,71,5,80,8,11.267605633802816
261,"('US 500', '2021-07-16', '14:20', 4332.75)",long,"(80, 40)",5,71,72,5,80,7,9.722222222222221
262,"('US 500', '2021-07-16', '14:20', 4332.75)",long,"(80, 40)",5,72,73,5,80,6,8.219178082191782
263,"('US 500', '2021-07-16', '14:20', 4332.75)",long,"(80, 40)",5,73,74,5,80,5,6.756756756756757
264,"('US 500', '2021-07-16', '14:20', 4332.75)",long,"(80, 40)",5,74,75,5,80,4,5.333333333333333
265,"('US 500', '2021-07-16', '14:20', 4332.75)",long,"(80, 40)",4,64,65,4,80,14,21.53846153846154
266,"('US 500', '2021-07-16', '14:20', 4332.75)",long,"(80, 40)",4,65,66,4,80,13,19.696969696969695
267,"('US 500', '2021-07-16', '14:20', 4332.75)",long,"(80, 40)",4,66,67,4,80,12,17.91044776119403
268,"('US 500', '2021-07-16', '14:20', 4332.75)",long,"(80, 40)",4,67,68,4,80,11,16.176470588235293
269,"('US 500', '2021-07-16', '14:20', 4332.75)",long,"(80, 40)",4,68,69,4,80,10,14.492753623188406
270,"('US 500', '2021-07-16', '14:20', 4332.75)",long,"(80, 40)",4,69,70,4,80,9,12.857142857142858
271,"('US 500', '2021-07-16', '14:20', 4332.75)",long,"(80, 40)",4,70,71,4,80,8,11.267605633802816
272,"('US 500', '2021-07-16', '14:20', 4332.75)",long,"(80, 40)",4,71,72,4,80,7,9.722222222222221
273,"('US 500', '2021-07-16', '14:20', 4332.75)",long,"(80, 40)",4,72,73,4,80,6,8.219178082191782
274,"('US 500', '2021-07-16', '14:20', 4332.75)",long,"(80, 40)",4,73,74,4,80,5,6.756756756756757
275,"('US 500', '2021-07-16', '14:20', 4332.75)",long,"(80, 40)",4,74,75,4,80,4,5.333333333333333
276,"('US 500', '2021-07-16', '14:20', 4332.75)",long,"(85, 50)",9,71,72,8,50,-23,-31.944444444444443
277,"('US 500', '2021-07-16', '14:20', 4332.75)",long,"(85, 50)",9,72,73,8,50,-24,-32.87671232876713
278,"('US 500', '2021-07-16', '14:20', 4332.75)",long,"(85, 50)",9,73,74,8,50,-25,-33.78378378378378
279,"('US 500', '2021-07-16', '14:20', 4332.75)",long,"(85, 50)",9,74,75,8,50,-26,-34.666666666666664
280,"('US 500', '2021-07-16', '14:20', 4332.75)",long,"(85, 50)",8,55,56,8,50,-7,-12.5
281,"('US 500', '2021-07-16', '14:20', 4332.75)",long,"(85, 50)",8,56,57,8,50,-8,-14.035087719298245
282,"('US 500', '2021-07-16', '14:20', 4332.75)",long,"(85, 50)",8,57,58,8,50,-9,-15.517241379310345
283,"('US 500', '2021-07-16', '14:20', 4332.75)",long,"(85, 50)",8,58,59,8,50,-10,-16.949152542372882
284,"('US 500', '2021-07-16', '14:20', 4332.75)",long,"(85, 50)",8,59,60,8,50,-11,-18.333333333333332
285,"('US 500', '2021-07-16', '14:20', 4332.75)",long,"(85, 50)",8,60,61,8,50,-12,-19.672131147540984
286,"('US 500', '2021-07-16', '14:20', 4332.75)",long,"(85, 50)",8,61,62,8,50,-13,-20.967741935483872
287,"('US 500', '2021-07-16', '14:20', 4332.75)",long,"(85, 50)",8,62,63,8,50,-14,-22.22222222222222
288,"('US 500', '2021-07-16', '14:20', 4332.75)",long,"(85, 50)",8,63,64,8,50,-15,-23.4375
289,"('US 500', '2021-07-16', '14:20', 4332.75)",long,"(85, 50)",8,64,65,8,50,-16,-24.615384615384617
290,"('US 500', '2021-07-16', '14:20', 4332.75)",long,"(85, 50)",8,65,66,8,50,-17,-25.757575757575758
291,"('US 500', '2021-07-16', '14:20', 4332.75)",long,"(85, 50)",8,66,67,8,50,-18,-26.865671641791046
292,"('US 500', '2021-07-16', '14:20', 4332.75)",long,"(85, 50)",8,67,68,8,50,-19,-27.941176470588236
293,"('US 500', '2021-07-16', '14:20', 4332.75)",long,"(85, 50)",8,68,69,8,50,-20,-28.985507246376812
294,"('US 500', '2021-07-16', '14:20', 4332.75)",long,"(85, 50)",8,69,70,8,50,-21,-30.0
295,"('US 500', '2021-07-16', '14:20', 4332.75)",long,"(85, 50)",8,70,71,8,50,-22,-30.985915492957748
296,"('US 500', '2021-07-16', '14:20', 4332.75)",long,"(85, 50)",8,71,72,8,50,-23,-31.944444444444443
297,"('US 500', '2021-07-16', '14:20', 4332.75)",long,"(85, 50)",8,72,73,8,50,-24,-32.87671232876713
298,"('US 500', '2021-07-16', '14:20', 4332.75)",long,"(85, 50)",8,73,74,8,50,-25,-33.78378378378378
299,"('US 500', '2021-07-16', '14:20', 4332.75)",long,"(85, 50)",8,74,75,8,50,-26,-34.666666666666664
300,"('US 500', '2021-07-16', '14:20', 4332.75)",long,"(85, 50)",7,55,56,7,50,-7,-12.5
301,"('US 500', '2021-07-16', '14:20', 4332.75)",long,"(85, 50)",7,56,57,7,50,-8,-14.035087719298245
302,"('US 500', '2021-07-16', '14:20', 4332.75)",long,"(85, 50)",7,57,58,7,50,-9,-15.517241379310345
303,"('US 500', '2021-07-16', '14:20', 4332.75)",long,"(85, 50)",7,58,59,7,50,-10,-16.949152542372882
304,"('US 500', '2021-07-16', '14:20', 4332.75)",long,"(85, 50)",7,59,60,7,50,-11,-18.333333333333332
305,"('US 500', '2021-07-16', '14:20', 4332.75)",long,"(85, 50)",7,60,61,7,50,-12,-19.672131147540984
306,"('US 500', '2021-07-16', '14:20', 4332.75)",long,"(85, 50)",7,61,62,7,50,-13,-20.967741935483872
307,"('US 500', '2021-07-16', '14:20', 4332.75)",long,"(85, 50)",7,62,63,7,50,-14,-22.22222222222222
308,"('US 500', '2021-07-16', '14:20', 4332.75)",long,"(85, 50)",6,55,56,6,50,-7,-12.5
309,"('US 500', '2021-07-16', '14:20', 4332.75)",long,"(85, 50)",6,56,57,6,50,-8,-14.035087719298245
310,"('US 500', '2021-07-16', '14:20', 4332.75)",long,"(85, 50)",6,57,58,6,50,-9,-15.517241379310345
311,"('US 500', '2021-07-16', '14:20', 4332.75)",long,"(85, 50)",6,58,59,6,50,-10,-16.949152542372882
312,"('US 500', '2021-07-16', '14:20', 4332.75)",long,"(85, 50)",6,59,60,6,50,-11,-18.333333333333332
313,"('US 500', '2021-07-16', '14:20', 4332.75)",long,"(85, 50)",6,60,61,6,50,-12,-19.672131147540984
314,"('US 500', '2021-07-16', '14:20', 4332.75)",long,"(85, 50)",6,61,62,6,50,-13,-20.967741935483872
315,"('US 500', '2021-07-16', '14:20', 4332.75)",long,"(85, 50)",6,62,63,6,50,-14,-22.22222222222222
316,"('US 500', '2021-07-16', '14:20', 4332.75)",long,"(85, 50)",6,63,64,6,50,-15,-23.4375
317,"('US 500', '2021-07-16', '14:20', 4332.75)",long,"(85, 50)",6,64,65,6,50,-16,-24.615384615384617
318,"('US 500', '2021-07-16', '14:20', 4332.75)",long,"(85, 50)",6,65,66,6,50,-17,-25.757575757575758
319,"('US 500', '2021-07-16', '14:20', 4332.75)",long,"(85, 50)",6,66,67,6,50,-18,-26.865671641791046
320,"('US 500', '2021-07-16', '14:20', 4332.75)",long,"(85, 50)",6,67,68,6,50,-19,-27.941176470588236
321,"('US 500', '2021-07-16', '14:20', 4332.75)",long,"(85, 50)",6,68,69,6,50,-20,-28.985507246376812
322,"('US 500', '2021-07-16', '14:20', 4332.75)",long,"(85, 50)",5,63,64,4,85,20,31.25
323,"('US 500', '2021-07-16', '14:20', 4332.75)",long,"(85, 50)",5,64,65,4,85,19,29.23076923076923
324,"('US 500', '2021-07-16', '14:20', 4332.75)",long,"(85, 50)",5,65,66,4,85,18,27.272727272727273
325,"('US 500', '2021-07-16', '14:20', 4332.75)",long,"(85, 50)",5,66,67,4,85,17,25.37313432835821
326,"('US 500', '2021-07-16', '14:20', 4332.75)",long,"(85, 50)",5,67,68,4,85,16,23.529411764705884
327,"('US 500', '2021-07-16', '14:20', 4332.75)",long,"(85, 50)",5,68,69,4,85,15,21.73913043478261
328,"('US 500', '2021-07-16', '14:20', 4332.75)",long,"(85, 50)",5,69,70,4,85,14,20.0
329,"('US 500', '2021-07-16', '14:20', 4332.75)",long,"(85, 50)",5,70,71,4,85,13,18.309859154929576
330,"('US 500', '2021-07-16', '14:20', 4332.75)",long,"(85, 50)",5,71,72,4,85,12,16.666666666666668
331,"('US 500', '2021-07-16', '14:20', 4332.75)",long,"(85, 50)",5,72,73,4,85,11,15.068493150684931
332,"('US 500', '2021-07-16', '14:20', 4332.75)",long,"(85, 50)",5,73,74,4,85,10,13.513513513513514
333,"('US 500', '2021-07-16', '14:20', 4332.75)",long,"(85, 50)",5,74,75,4,85,9,12.0
334,"('US 500', '2021-07-16', '14:20', 4332.75)",long,"(85, 50)",4,64,65,4,85,19,29.23076923076923
335,"('US 500', '2021-07-16', '14:20', 4332.75)",long,"(85, 50)",4,65,66,4,85,18,27.272727272727273
336,"('US 500', '2021-07-16', '14:20', 4332.75)",long,"(85, 50)",4,66,67,4,85,17,25.37313432835821
337,"('US 500', '2021-07-16', '14:20', 4332.75)",long,"(85, 50)",4,67,68,4,85,16,23.529411764705884
338,"('US 500', '2021-07-16', '14:20', 4332.75)",long,"(85, 50)",4,68,69,4,85,15,21.73913043478261
339,"('US 500', '2021-07-16', '14:20', 4332.75)",long,"(85, 50)",4,69,70,4,85,14,20.0
340,"('US 500', '2021-07-16', '14:20', 4332.75)",long,"(85, 50)",4,70,71,4,85,13,18.309859154929576
341,"('US 500', '2021-07-16', '14:20', 4332.75)",long,"(85, 50)",4,71,72,4,85,12,16.666666666666668
342,"('US 500', '2021-07-16', '14:20', 4332.75)",long,"(85, 50)",4,72,73,4,85,11,15.068493150684931
343,"('US 500', '2021-07-16', '14:20', 4332.75)",long,"(85, 50)",4,73,74,4,85,10,13.513513513513514
344,"('US 500', '2021-07-16', '14:20', 4332.75)",long,"(85, 50)",4,74,75,4,85,9,12.0
345,"('US 500', '2021-07-16', '14:20', 4332.75)",long,"(85, 40)",9,71,72,7,40,-33,-45.833333333333336
346,"('US 500', '2021-07-16', '14:20', 4332.75)",long,"(85, 40)",9,72,73,7,40,-34,-46.57534246575342
347,"('US 500', '2021-07-16', '14:20', 4332.75)",long,"(85, 40)",9,73,74,7,40,-35,-47.2972972972973
348,"('US 500', '2021-07-16', '14:20', 4332.75)",long,"(85, 40)",9,74,75,7,40,-36,-48.0
349,"('US 500', '2021-07-16', '14:20', 4332.75)",long,"(85, 40)",8,55,56,7,40,-17,-30.357142857142858
350,"('US 500', '2021-07-16', '14:20', 4332.75)",long,"(85, 40)",8,56,57,7,40,-18,-31.57894736842105
351,"('US 500', '2021-07-16', '14:20', 4332.75)",long,"(85, 40)",8,57,58,7,40,-19,-32.758620689655174
352,"('US 500', '2021-07-16', '14:20', 4332.75)",long,"(85, 40)",8,58,59,7,40,-20,-33.898305084745765
353,"('US 500', '2021-07-16', '14:20', 4332.75)",long,"(85, 40)",8,59,60,7,40,-21,-35.0
354,"('US 500', '2021-07-16', '14:20', 4332.75)",long,"(85, 40)",8,60,61,7,40,-22,-36.0655737704918
355,"('US 500', '2021-07-16', '14:20', 4332.75)",long,"(85, 40)",8,61,62,7,40,-23,-37.096774193548384
356,"('US 500', '2021-07-16', '14:20', 4332.75)",long,"(85, 40)",8,62,63,7,40,-24,-38.095238095238095
357,"('US 500', '2021-07-16', '14:20', 4332.75)",long,"(85, 40)",8,63,64,7,40,-25,-39.0625
358,"('US 500', '2021-07-16', '14:20', 4332.75)",long,"(85, 40)",8,64,65,7,40,-26,-40.0
359,"('US 500', '2021-07-16', '14:20', 4332.75)",long,"(85, 40)",8,65,66,7,40,-27,-40.90909090909091
360,"('US 500', '2021-07-16', '14:20', 4332.75)",long,"(85, 40)",8,66,67,7,40,-28,-41.791044776119406
361,"('US 500', '2021-07-16', '14:20', 4332.75)",long,"(85, 40)",8,67,68,7,40,-29,-42.64705882352941
362,"('US 500', '2021-07-16', '14:20', 4332.75)",long,"(85, 40)",8,68,69,7,40,-30,-43.47826086956522
363,"('US 500', '2021-07-16', '14:20', 4332.75)",long,"(85, 40)",8,69,70,7,40,-31,-44.285714285714285
364,"('US 500', '2021-07-16', '14:20', 4332.75)",long,"(85, 40)",8,70,71,7,40,-32,-45.070422535211264
365,"('US 500', '2021-07-16', '14:20', 4332.75)",long,"(85, 40)",8,71,72,7,40,-33,-45.833333333333336
366,"('US 500', '2021-07-16', '14:20', 4332.75)",long,"(85, 40)",8,72,73,7,40,-34,-46.57534246575342
367,"('US 500', '2021-07-16', '14:20', 4332.75)",long,"(85, 40)",8,73,74,7,40,-35,-47.2972972972973
368,"('US 500', '2021-07-16', '14:20', 4332.75)",long,"(85, 40)",8,74,75,7,40,-36,-48.0
369,"('US 500', '2021-07-16', '14:20', 4332.75)",long,"(85, 40)",7,55,56,7,40,-17,-30.357142857142858
370,"('US 500', '2021-07-16', '14:20', 4332.75)",long,"(85, 40)",7,56,57,7,40,-18,-31.57894736842105
371,"('US 500', '2021-07-16', '14:20', 4332.75)",long,"(85, 40)",7,57,58,7,40,-19,-32.758620689655174
372,"('US 500', '2021-07-16', '14:20', 4332.75)",long,"(85, 40)",7,58,59,7,40,-20,-33.898305084745765
373,"('US 500', '2021-07-16', '14:20', 4332.75)",long,"(85, 40)",7,59,60,7,40,-21,-35.0
374,"('US 500', '2021-07-16', '14:20', 4332.75)",long,"(85, 40)",7,60,61,7,40,-22,-36.0655737704918
375,"('US 500', '2021-07-16', '14:20', 4332.75)",long,"(85, 40)",7,61,62,7,40,-23,-37.096774193548384
376,"('US 500', '2021-07-16', '14:20', 4332.75)",long,"(85, 40)",7,62,63,7,40,-24,-38.095238095238095
377,"('US 500', '2021-07-16', '14:20', 4332.75)",long,"(85, 40)",6,55,56,6,40,-17,-30.357142857142858
378,"('US 500', '2021-07-16', '14:20', 4332.75)",long,"(85, 40)",6,56,57,6,40,-18,-31.57894736842105
379,"('US 500', '2021-07-16', '14:20', 4332.75)",long,"(85, 40)",6,57,58,6,40,-19,-32.758620689655174
380,"('US 500', '2021-07-16', '14:20', 4332.75)",long,"(85, 40)",6,58,59,6,40,-20,-33.898305084745765
381,"('US 500', '2021-07-16', '14:20', 4332.75)",long,"(85, 40)",6,59,60,6,40,-21,-35.0
382,"('US 500', '2021-07-16', '14:20', 4332.75)",long,"(85, 40)",6,60,61,6,40,-22,-36.0655737704918
383,"('US 500', '2021-07-16', '14:20', 4332.75)",long,"(85, 40)",6,61,62,6,40,-23,-37.096774193548384
384,"('US 500', '2021-07-16', '14:20', 4332.75)",long,"(85, 40)",6,62,63,6,40,-24,-38.095238095238095
385,"('US 500', '2021-07-16', '14:20', 4332.75)",long,"(85, 40)",6,63,64,6,40,-25,-39.0625
386,"('US 500', '2021-07-16', '14:20', 4332.75)",long,"(85, 40)",6,64,65,6,40,-26,-40.0
387,"('US 500', '2021-07-16', '14:20', 4332.75)",long,"(85, 40)",6,65,66,6,40,-27,-40.90909090909091
388,"('US 500', '2021-07-16', '14:20', 4332.75)",long,"(85, 40)",6,66,67,6,40,-28,-41.791044776119406
389,"('US 500', '2021-07-16', '14:20', 4332.75)",long,"(85, 40)",6,67,68,6,40,-29,-42.64705882352941
390,"('US 500', '2021-07-16', '14:20', 4332.75)",long,"(85, 40)",6,68,69,6,40,-30,-43.47826086956522
391,"('US 500', '2021-07-16', '14:20', 4332.75)",long,"(85, 40)",5,63,64,4,85,20,31.25
392,"('US 500', '2021-07-16', '14:20', 4332.75)",long,"(85, 40)",5,64,65,4,85,19,29.23076923076923
393,"('US 500', '2021-07-16', '14:20', 4332.75)",long,"(85, 40)",5,65,66,4,85,18,27.272727272727273
394,"('US 500', '2021-07-16', '14:20', 4332.75)",long,"(85, 40)",5,66,67,4,85,17,25.37313432835821
395,"('US 500', '2021-07-16', '14:20', 4332.75)",long,"(85, 40)",5,67,68,4,85,16,23.529411764705884
396,"('US 500', '2021-07-16', '14:20', 4332.75)",long,"(85, 40)",5,68,69,4,85,15,21.73913043478261
397,"('US 500', '2021-07-16', '14:20', 4332.75)",long,"(85, 40)",5,69,70,4,85,14,20.0
398,"('US 500', '2021-07-16', '14:20', 4332.75)",long,"(85, 40)",5,70,71,4,85,13,18.309859154929576
399,"('US 500', '2021-07-16', '14:20', 4332.75)",long,"(85, 40)",5,71,72,4,85,12,16.666666666666668
400,"('US 500', '2021-07-16', '14:20', 4332.75)",long,"(85, 40)",5,72,73,4,85,11,15.068493150684931
401,"('US 500', '2021-07-16', '14:20', 4332.75)",long,"(85, 40)",5,73,74,4,85,10,13.513513513513514
402,"('US 500', '2021-07-16', '14:20', 4332.75)",long,"(85, 40)",5,74,75,4,85,9,12.0
403,"('US 500', '2021-07-16', '14:20', 4332.75)",long,"(85, 40)",4,64,65,4,85,19,29.23076923076923
404,"('US 500', '2021-07-16', '14:20', 4332.75)",long,"(85, 40)",4,65,66,4,85,18,27.272727272727273
405,"('US 500', '2021-07-16', '14:20', 4332.75)",long,"(85, 40)",4,66,67,4,85,17,25.37313432835821
406,"('US 500', '2021-07-16', '14:20', 4332.75)",long,"(85, 40)",4,67,68,4,85,16,23.529411764705884
407,"('US 500', '2021-07-16', '14:20', 4332.75)",long,"(85, 40)",4,68,69,4,85,15,21.73913043478261
408,"('US 500', '2021-07-16', '14:20', 4332.75)",long,"(85, 40)",4,69,70,4,85,14,20.0
409,"('US 500', '2021-07-16', '14:20', 4332.75)",long,"(85, 40)",4,70,71,4,85,13,18.309859154929576
410,"('US 500', '2021-07-16', '14:20', 4332.75)",long,"(85, 40)",4,71,72,4,85,12,16.666666666666668
411,"('US 500', '2021-07-16', '14:20', 4332.75)",long,"(85, 40)",4,72,73,4,85,11,15.068493150684931
412,"('US 500', '2021-07-16', '14:20', 4332.75)",long,"(85, 40)",4,73,74,4,85,10,13.513513513513514
413,"('US 500', '2021-07-16', '14:20', 4332.75)",long,"(85, 40)",4,74,75,4,85,9,12.0
414,"('US 500', '2021-07-16', '14:20', 4332.75)",long,"(90, 50)",9,71,72,8,50,-23,-31.944444444444443
415,"('US 500', '2021-07-16', '14:20', 4332.75)",long,"(90, 50)",9,72,73,8,50,-24,-32.87671232876713
416,"('US 500', '2021-07-16', '14:20', 4332.75)",long,"(90, 50)",9,73,74,8,50,-25,-33.78378378378378
417,"('US 500', '2021-07-16', '14:20', 4332.75)",long,"(90, 50)",9,74,75,8,50,-26,-34.666666666666664
418,"('US 500', '2021-07-16', '14:20', 4332.75)",long,"(90, 50)",8,55,56,8,50,-7,-12.5
419,"('US 500', '2021-07-16', '14:20', 4332.75)",long,"(90, 50)",8,56,57,8,50,-8,-14.035087719298245
420,"('US 500', '2021-07-16', '14:20', 4332.75)",long,"(90, 50)",8,57,58,8,50,-9,-15.517241379310345
421,"('US 500', '2021-07-16', '14:20', 4332.75)",long,"(90, 50)",8,58,59,8,50,-10,-16.949152542372882
422,"('US 500', '2021-07-16', '14:20', 4332.75)",long,"(90, 50)",8,59,60,8,50,-11,-18.333333333333332
423,"('US 500', '2021-07-16', '14:20', 4332.75)",long,"(90, 50)",8,60,61,8,50,-12,-19.672131147540984
424,"('US 500', '2021-07-16', '14:20', 4332.75)",long,"(90, 50)",8,61,62,8,50,-13,-20.967741935483872
425,"('US 500', '2021-07-16', '14:20', 4332.75)",long,"(90, 50)",8,62,63,8,50,-14,-22.22222222222222
426,"('US 500', '2021-07-16', '14:20', 4332.75)",long,"(90, 50)",8,63,64,8,50,-15,-23.4375
427,"('US 500', '2021-07-16', '14:20', 4332.75)",long,"(90, 50)",8,64,65,8,50,-16,-24.615384615384617
428,"('US 500', '2021-07-16', '14:20', 4332.75)",long,"(90, 50)",8,65,66,8,50,-17,-25.757575757575758
429,"('US 500', '2021-07-16', '14:20', 4332.75)",long,"(90, 50)",8,66,67,8,50,-18,-26.865671641791046
430,"('US 500', '2021-07-16', '14:20', 4332.75)",long,"(90, 50)",8,67,68,8,50,-19,-27.941176470588236
431,"('US 500', '2021-07-16', '14:20', 4332.75)",long,"(90, 50)",8,68,69,8,50,-20,-28.985507246376812
432,"('US 500', '2021-07-16', '14:20', 4332.75)",long,"(90, 50)",8,69,70,8,50,-21,-30.0
433,"('US 500', '2021-07-16', '14:20', 4332.75)",long,"(90, 50)",8,70,71,8,50,-22,-30.985915492957748
434,"('US 500', '2021-07-16', '14:20', 4332.75)",long,"(90, 50)",8,71,72,8,50,-23,-31.944444444444443
435,"('US 500', '2021-07-16', '14:20', 4332.75)",long,"(90, 50)",8,72,73,8,50,-24,-32.87671232876713
436,"('US 500', '2021-07-16', '14:20', 4332.75)",long,"(90, 50)",8,73,74,8,50,-25,-33.78378378378378
437,"('US 500', '2021-07-16', '14:20', 4332.75)",long,"(90, 50)",8,74,75,8,50,-26,-34.666666666666664
438,"('US 500', '2021-07-16', '14:20', 4332.75)",long,"(90, 50)",7,55,56,7,50,-7,-12.5
439,"('US 500', '2021-07-16', '14:20', 4332.75)",long,"(90, 50)",7,56,57,7,50,-8,-14.035087719298245
440,"('US 500', '2021-07-16', '14:20', 4332.75)",long,"(90, 50)",7,57,58,7,50,-9,-15.517241379310345
441,"('US 500', '2021-07-16', '14:20', 4332.75)",long,"(90, 50)",7,58,59,7,50,-10,-16.949152542372882
442,"('US 500', '2021-07-16', '14:20', 4332.75)",long,"(90, 50)",7,59,60,7,50,-11,-18.333333333333332
443,"('US 500', '2021-07-16', '14:20', 4332.75)",long,"(90, 50)",7,60,61,7,50,-12,-19.672131147540984
444,"('US 500', '2021-07-16', '14:20', 4332.75)",long,"(90, 50)",7,61,62,7,50,-13,-20.967741935483872
445,"('US 500', '2021-07-16', '14:20', 4332.75)",long,"(90, 50)",7,62,63,7,50,-14,-22.22222222222222
446,"('US 500', '2021-07-16', '14:20', 4332.75)",long,"(90, 50)",6,55,56,6,50,-7,-12.5
447,"('US 500', '2021-07-16', '14:20', 4332.75)",long,"(90, 50)",6,56,57,6,50,-8,-14.035087719298245
448,"('US 500', '2021-07-16', '14:20', 4332.75)",long,"(90, 50)",6,57,58,6,50,-9,-15.517241379310345
449,"('US 500', '2021-07-16', '14:20', 4332.75)",long,"(90, 50)",6,58,59,6,50,-10,-16.949152542372882
450,"('US 500', '2021-07-16', '14:20', 4332.75)",long,"(90, 50)",6,59,60,6,50,-11,-18.333333333333332
451,"('US 500', '2021-07-16', '14:20', 4332.75)",long,"(90, 50)",6,60,61,6,50,-12,-19.672131147540984
452,"('US 500', '2021-07-16', '14:20', 4332.75)",long,"(90, 50)",6,61,62,6,50,-13,-20.967741935483872
453,"('US 500', '2021-07-16', '14:20', 4332.75)",long,"(90, 50)",6,62,63,6,50,-14,-22.22222222222222
454,"('US 500', '2021-07-16', '14:20', 4332.75)",long,"(90, 50)",6,63,64,6,50,-15,-23.4375
455,"('US 500', '2021-07-16', '14:20', 4332.75)",long,"(90, 50)",6,64,65,6,50,-16,-24.615384615384617
456,"('US 500', '2021-07-16', '14:20', 4332.75)",long,"(90, 50)",6,65,66,6,50,-17,-25.757575757575758
457,"('US 500', '2021-07-16', '14:20', 4332.75)",long,"(90, 50)",6,66,67,6,50,-18,-26.865671641791046
458,"('US 500', '2021-07-16', '14:20', 4332.75)",long,"(90, 50)",6,67,68,6,50,-19,-27.941176470588236
459,"('US 500', '2021-07-16', '14:20', 4332.75)",long,"(90, 50)",6,68,69,6,50,-20,-28.985507246376812
460,"('US 500', '2021-07-16', '14:20', 4332.75)",long,"(90, 50)",5,63,64,4,90,25,39.0625
461,"('US 500', '2021-07-16', '14:20', 4332.75)",long,"(90, 50)",5,64,65,4,90,24,36.92307692307692
462,"('US 500', '2021-07-16', '14:20', 4332.75)",long,"(90, 50)",5,65,66,4,90,23,34.84848484848485
463,"('US 500', '2021-07-16', '14:20', 4332.75)",long,"(90, 50)",5,66,67,4,90,22,32.83582089552239
464,"('US 500', '2021-07-16', '14:20', 4332.75)",long,"(90, 50)",5,67,68,4,90,21,30.88235294117647
465,"('US 500', '2021-07-16', '14:20', 4332.75)",long,"(90, 50)",5,68,69,4,90,20,28.985507246376812
466,"('US 500', '2021-07-16', '14:20', 4332.75)",long,"(90, 50)",5,69,70,4,90,19,27.142857142857142
467,"('US 500', '2021-07-16', '14:20', 4332.75)",long,"(90, 50)",5,70,71,4,90,18,25.35211267605634
468,"('US 500', '2021-07-16', '14:20', 4332.75)",long,"(90, 50)",5,71,72,4,90,17,23.61111111111111
469,"('US 500', '2021-07-16', '14:20', 4332.75)",long,"(90, 50)",5,72,73,4,90,16,21.91780821917808
470,"('US 500', '2021-07-16', '14:20', 4332.75)",long,"(90, 50)",5,73,74,4,90,15,20.27027027027027
471,"('US 500', '2021-07-16', '14:20', 4332.75)",long,"(90, 50)",5,74,75,4,90,14,18.666666666666668
472,"('US 500', '2021-07-16', '14:20', 4332.75)",long,"(90, 50)",4,64,65,4,90,24,36.92307692307692
473,"('US 500', '2021-07-16', '14:20', 4332.75)",long,"(90, 50)",4,65,66,4,90,23,34.84848484848485
474,"('US 500', '2021-07-16', '14:20', 4332.75)",long,"(90, 50)",4,66,67,4,90,22,32.83582089552239
475,"('US 500', '2021-07-16', '14:20', 4332.75)",long,"(90, 50)",4,67,68,4,90,21,30.88235294117647
476,"('US 500', '2021-07-16', '14:20', 4332.75)",long,"(90, 50)",4,68,69,4,90,20,28.985507246376812
477,"('US 500', '2021-07-16', '14:20', 4332.75)",long,"(90, 50)",4,69,70,4,90,19,27.142857142857142
478,"('US 500', '2021-07-16', '14:20', 4332.75)",long,"(90, 50)",4,70,71,4,90,18,25.35211267605634
479,"('US 500', '2021-07-16', '14:20', 4332.75)",long,"(90, 50)",4,71,72,4,90,17,23.61111111111111
480,"('US 500', '2021-07-16', '14:20', 4332.75)",long,"(90, 50)",4,72,73,4,90,16,21.91780821917808
481,"('US 500', '2021-07-16', '14:20', 4332.75)",long,"(90, 50)",4,73,74,4,90,15,20.27027027027027
482,"('US 500', '2021-07-16', '14:20', 4332.75)",long,"(90, 50)",4,74,75,4,90,14,18.666666666666668
483,"('US 500', '2021-07-16', '14:20', 4332.75)",long,"(90, 40)",9,71,72,7,40,-33,-45.833333333333336
484,"('US 500', '2021-07-16', '14:20', 4332.75)",long,"(90, 40)",9,72,73,7,40,-34,-46.57534246575342
485,"('US 500', '2021-07-16', '14:20', 4332.75)",long,"(90, 40)",9,73,74,7,40,-35,-47.2972972972973
486,"('US 500', '2021-07-16', '14:20', 4332.75)",long,"(90, 40)",9,74,75,7,40,-36,-48.0
487,"('US 500', '2021-07-16', '14:20', 4332.75)",long,"(90, 40)",8,55,56,7,40,-17,-30.357142857142858
488,"('US 500', '2021-07-16', '14:20', 4332.75)",long,"(90, 40)",8,56,57,7,40,-18,-31.57894736842105
489,"('US 500', '2021-07-16', '14:20', 4332.75)",long,"(90, 40)",8,57,58,7,40,-19,-32.758620689655174
490,"('US 500', '2021-07-16', '14:20', 4332.75)",long,"(90, 40)",8,58,59,7,40,-20,-33.898305084745765
491,"('US 500', '2021-07-16', '14:20', 4332.75)",long,"(90, 40)",8,59,60,7,40,-21,-35.0
492,"('US 500', '2021-07-16', '14:20', 4332.75)",long,"(90, 40)",8,60,61,7,40,-22,-36.0655737704918
493,"('US 500', '2021-07-16', '14:20', 4332.75)",long,"(90, 40)",8,61,62,7,40,-23,-37.096774193548384
494,"('US 500', '2021-07-16', '14:20', 4332.75)",long,"(90, 40)",8,62,63,7,40,-24,-38.095238095238095
495,"('US 500', '2021-07-16', '14:20', 4332.75)",long,"(90, 40)",8,63,64,7,40,-25,-39.0625
496,"('US 500', '2021-07-16', '14:20', 4332.75)",long,"(90, 40)",8,64,65,7,40,-26,-40.0
497,"('US 500', '2021-07-16', '14:20', 4332.75)",long,"(90, 40)",8,65,66,7,40,-27,-40.90909090909091
498,"('US 500', '2021-07-16', '14:20', 4332.75)",long,"(90, 40)",8,66,67,7,40,-28,-41.791044776119406
499,"('US 500', '2021-07-16', '14:20', 4332.75)",long,"(90, 40)",8,67,68,7,40,-29,-42.64705882352941
500,"('US 500', '2021-07-16', '14:20', 4332.75)",long,"(90, 40)",8,68,69,7,40,-30,-43.47826086956522
501,"('US 500', '2021-07-16', '14:20', 4332.75)",long,"(90, 40)",8,69,70,7,40,-31,-44.285714285714285
502,"('US 500', '2021-07-16', '14:20', 4332.75)",long,"(90, 40)",8,70,71,7,40,-32,-45.070422535211264
503,"('US 500', '2021-07-16', '14:20', 4332.75)",long,"(90, 40)",8,71,72,7,40,-33,-45.833333333333336
504,"('US 500', '2021-07-16', '14:20', 4332.75)",long,"(90, 40)",8,72,73,7,40,-34,-46.57534246575342
505,"('US 500', '2021-07-16', '14:20', 4332.75)",long,"(90, 40)",8,73,74,7,40,-35,-47.2972972972973
506,"('US 500', '2021-07-16', '14:20', 4332.75)",long,"(90, 40)",8,74,75,7,40,-36,-48.0
507,"('US 500', '2021-07-16', '14:20', 4332.75)",long,"(90, 40)",7,55,56,7,40,-17,-30.357142857142858
508,"('US 500', '2021-07-16', '14:20', 4332.75)",long,"(90, 40)",7,56,57,7,40,-18,-31.57894736842105
509,"('US 500', '2021-07-16', '14:20', 4332.75)",long,"(90, 40)",7,57,58,7,40,-19,-32.758620689655174
510,"('US 500', '2021-07-16', '14:20', 4332.75)",long,"(90, 40)",7,58,59,7,40,-20,-33.898305084745765
511,"('US 500', '2021-07-16', '14:20', 4332.75)",long,"(90, 40)",7,59,60,7,40,-21,-35.0
512,"('US 500', '2021-07-16', '14:20', 4332.75)",long,"(90, 40)",7,60,61,7,40,-22,-36.0655737704918
513,"('US 500', '2021-07-16', '14:20', 4332.75)",long,"(90, 40)",7,61,62,7,40,-23,-37.096774193548384
514,"('US 500', '2021-07-16', '14:20', 4332.75)",long,"(90, 40)",7,62,63,7,40,-24,-38.095238095238095
515,"('US 500', '2021-07-16', '14:20', 4332.75)",long,"(90, 40)",6,55,56,6,40,-17,-30.357142857142858
516,"('US 500', '2021-07-16', '14:20', 4332.75)",long,"(90, 40)",6,56,57,6,40,-18,-31.57894736842105
517,"('US 500', '2021-07-16', '14:20', 4332.75)",long,"(90, 40)",6,57,58,6,40,-19,-32.758620689655174
518,"('US 500', '2021-07-16', '14:20', 4332.75)",long,"(90, 40)",6,58,59,6,40,-20,-33.898305084745765
519,"('US 500', '2021-07-16', '14:20', 4332.75)",long,"(90, 40)",6,59,60,6,40,-21,-35.0
520,"('US 500', '2021-07-16', '14:20', 4332.75)",long,"(90, 40)",6,60,61,6,40,-22,-36.0655737704918
521,"('US 500', '2021-07-16', '14:20', 4332.75)",long,"(90, 40)",6,61,62,6,40,-23,-37.096774193548384
522,"('US 500', '2021-07-16', '14:20', 4332.75)",long,"(90, 40)",6,62,63,6,40,-24,-38.095238095238095
523,"('US 500', '2021-07-16', '14:20', 4332.75)",long,"(90, 40)",6,63,64,6,40,-25,-39.0625
524,"('US 500', '2021-07-16', '14:20', 4332.75)",long,"(90, 40)",6,64,65,6,40,-26,-40.0
525,"('US 500', '2021-07-16', '14:20', 4332.75)",long,"(90, 40)",6,65,66,6,40,-27,-40.90909090909091
526,"('US 500', '2021-07-16', '14:20', 4332.75)",long,"(90, 40)",6,66,67,6,40,-28,-41.791044776119406
527,"('US 500', '2021-07-16', '14:20', 4332.75)",long,"(90, 40)",6,67,68,6,40,-29,-42.64705882352941
528,"('US 500', '2021-07-16', '14:20', 4332.75)",long,"(90, 40)",6,68,69,6,40,-30,-43.47826086956522
529,"('US 500', '2021-07-16', '14:20', 4332.75)",long,"(90, 40)",5,63,64,4,90,25,39.0625
530,"('US 500', '2021-07-16', '14:20', 4332.75)",long,"(90, 40)",5,64,65,4,90,24,36.92307692307692
531,"('US 500', '2021-07-16', '14:20', 4332.75)",long,"(90, 40)",5,65,66,4,90,23,34.84848484848485
532,"('US 500', '2021-07-16', '14:20', 4332.75)",long,"(90, 40)",5,66,67,4,90,22,32.83582089552239
533,"('US 500', '2021-07-16', '14:20', 4332.75)",long,"(90, 40)",5,67,68,4,90,21,30.88235294117647
534,"('US 500', '2021-07-16', '14:20', 4332.75)",long,"(90, 40)",5,68,69,4,90,20,28.985507246376812
535,"('US 500', '2021-07-16', '14:20', 4332.75)",long,"(90, 40)",5,69,70,4,90,19,27.142857142857142
536,"('US 500', '2021-07-16', '14:20', 4332.75)",long,"(90, 40)",5,70,71,4,90,18,25.35211267605634
537,"('US 500', '2021-07-16', '14:20', 4332.75)",long,"(90, 40)",5,71,72,4,90,17,23.61111111111111
538,"('US 500', '2021-07-16', '14:20', 4332.75)",long,"(90, 40)",5,72,73,4,90,16,21.91780821917808
539,"('US 500', '2021-07-16', '14:20', 4332.75)",long,"(90, 40)",5,73,74,4,90,15,20.27027027027027
540,"('US 500', '2021-07-16', '14:20', 4332.75)",long,"(90, 40)",5,74,75,4,90,14,18.666666666666668
541,"('US 500', '2021-07-16', '14:20', 4332.75)",long,"(90, 40)",4,64,65,4,90,24,36.92307692307692
542,"('US 500', '2021-07-16', '14:20', 4332.75)",long,"(90, 40)",4,65,66,4,90,23,34.84848484848485
543,"('US 500', '2021-07-16', '14:20', 4332.75)",long,"(90, 40)",4,66,67,4,90,22,32.83582089552239
544,"('US 500', '2021-07-16', '14:20', 4332.75)",long,"(90, 40)",4,67,68,4,90,21,30.88235294117647
545,"('US 500', '2021-07-16', '14:20', 4332.75)",long,"(90, 40)",4,68,69,4,90,20,28.985507246376812
546,"('US 500', '2021-07-16', '14:20', 4332.75)",long,"(90, 40)",4,69,70,4,90,19,27.142857142857142
547,"('US 500', '2021-07-16', '14:20', 4332.75)",long,"(90, 40)",4,70,71,4,90,18,25.35211267605634
548,"('US 500', '2021-07-16', '14:20', 4332.75)",long,"(90, 40)",4,71,72,4,90,17,23.61111111111111
549,"('US 500', '2021-07-16', '14:20', 4332.75)",long,"(90, 40)",4,72,73,4,90,16,21.91780821917808
550,"('US 500', '2021-07-16', '14:20', 4332.75)",long,"(90, 40)",4,73,74,4,90,15,20.27027027027027
551,"('US 500', '2021-07-16', '14:20', 4332.75)",long,"(90, 40)",4,74,75,4,90,14,18.666666666666668
552,"('US 500', '2021-07-16', '14:20', 4332.75)",long,"(95, 50)",9,71,72,8,50,-23,-31.944444444444443
553,"('US 500', '2021-07-16', '14:20', 4332.75)",long,"(95, 50)",9,72,73,8,50,-24,-32.87671232876713
554,"('US 500', '2021-07-16', '14:20', 4332.75)",long,"(95, 50)",9,73,74,8,50,-25,-33.78378378378378
555,"('US 500', '2021-07-16', '14:20', 4332.75)",long,"(95, 50)",9,74,75,8,50,-26,-34.666666666666664
556,"('US 500', '2021-07-16', '14:20', 4332.75)",long,"(95, 50)",8,55,56,8,50,-7,-12.5
557,"('US 500', '2021-07-16', '14:20', 4332.75)",long,"(95, 50)",8,56,57,8,50,-8,-14.035087719298245
558,"('US 500', '2021-07-16', '14:20', 4332.75)",long,"(95, 50)",8,57,58,8,50,-9,-15.517241379310345
559,"('US 500', '2021-07-16', '14:20', 4332.75)",long,"(95, 50)",8,58,59,8,50,-10,-16.949152542372882
560,"('US 500', '2021-07-16', '14:20', 4332.75)",long,"(95, 50)",8,59,60,8,50,-11,-18.333333333333332
561,"('US 500', '2021-07-16', '14:20', 4332.75)",long,"(95, 50)",8,60,61,8,50,-12,-19.672131147540984
562,"('US 500', '2021-07-16', '14:20', 4332.75)",long,"(95, 50)",8,61,62,8,50,-13,-20.967741935483872
563,"('US 500', '2021-07-16', '14:20', 4332.75)",long,"(95, 50)",8,62,63,8,50,-14,-22.22222222222222
564,"('US 500', '2021-07-16', '14:20', 4332.75)",long,"(95, 50)",8,63,64,8,50,-15,-23.4375
565,"('US 500', '2021-07-16', '14:20', 4332.75)",long,"(95, 50)",8,64,65,8,50,-16,-24.615384615384617
566,"('US 500', '2021-07-16', '14:20', 4332.75)",long,"(95, 50)",8,65,66,8,50,-17,-25.757575757575758
567,"('US 500', '2021-07-16', '14:20', 4332.75)",long,"(95, 50)",8,66,67,8,50,-18,-26.865671641791046
568,"('US 500', '2021-07-16', '14:20', 4332.75)",long,"(95, 50)",8,67,68,8,50,-19,-27.941176470588236
569,"('US 500', '2021-07-16', '14:20', 4332.75)",long,"(95, 50)",8,68,69,8,50,-20,-28.985507246376812
570,"('US 500', '2021-07-16', '14:20', 4332.75)",long,"(95, 50)",8,69,70,8,50,-21,-30.0
571,"('US 500', '2021-07-16', '14:20', 4332.75)",long,"(95, 50)",8,70,71,8,50,-22,-30.985915492957748
572,"('US 500', '2021-07-16', '14:20', 4332.75)",long,"(95, 50)",8,71,72,8,50,-23,-31.944444444444443
573,"('US 500', '2021-07-16', '14:20', 4332.75)",long,"(95, 50)",8,72,73,8,50,-24,-32.87671232876713
574,"('US 500', '2021-07-16', '14:20', 4332.75)",long,"(95, 50)",8,73,74,8,50,-25,-33.78378378378378
575,"('US 500', '2021-07-16', '14:20', 4332.75)",long,"(95, 50)",8,74,75,8,50,-26,-34.666666666666664
576,"('US 500', '2021-07-16', '14:20', 4332.75)",long,"(95, 50)",7,55,56,7,50,-7,-12.5
577,"('US 500', '2021-07-16', '14:20', 4332.75)",long,"(95, 50)",7,56,57,7,50,-8,-14.035087719298245
578,"('US 500', '2021-07-16', '14:20', 4332.75)",long,"(95, 50)",7,57,58,7,50,-9,-15.517241379310345
579,"('US 500', '2021-07-16', '14:20', 4332.75)",long,"(95, 50)",7,58,59,7,50,-10,-16.949152542372882
580,"('US 500', '2021-07-16', '14:20', 4332.75)",long,"(95, 50)",7,59,60,7,50,-11,-18.333333333333332
581,"('US 500', '2021-07-16', '14:20', 4332.75)",long,"(95, 50)",7,60,61,7,50,-12,-19.672131147540984
582,"('US 500', '2021-07-16', '14:20', 4332.75)",long,"(95, 50)",7,61,62,7,50,-13,-20.967741935483872
583,"('US 500', '2021-07-16', '14:20', 4332.75)",long,"(95, 50)",7,62,63,7,50,-14,-22.22222222222222
584,"('US 500', '2021-07-16', '14:20', 4332.75)",long,"(95, 50)",6,55,56,6,50,-7,-12.5
585,"('US 500', '2021-07-16', '14:20', 4332.75)",long,"(95, 50)",6,56,57,6,50,-8,-14.035087719298245
586,"('US 500', '2021-07-16', '14:20', 4332.75)",long,"(95, 50)",6,57,58,6,50,-9,-15.517241379310345
587,"('US 500', '2021-07-16', '14:20', 4332.75)",long,"(95, 50)",6,58,59,6,50,-10,-16.949152542372882
588,"('US 500', '2021-07-16', '14:20', 4332.75)",long,"(95, 50)",6,59,60,6,50,-11,-18.333333333333332
589,"('US 500', '2021-07-16', '14:20', 4332.75)",long,"(95, 50)",6,60,61,6,50,-12,-19.672131147540984
590,"('US 500', '2021-07-16', '14:20', 4332.75)",long,"(95, 50)",6,61,62,6,50,-13,-20.967741935483872
591,"('US 500', '2021-07-16', '14:20', 4332.75)",long,"(95, 50)",6,62,63,6,50,-14,-22.22222222222222
592,"('US 500', '2021-07-16', '14:20', 4332.75)",long,"(95, 50)",6,63,64,6,50,-15,-23.4375
593,"('US 500', '2021-07-16', '14:20', 4332.75)",long,"(95, 50)",6,64,65,6,50,-16,-24.615384615384617
594,"('US 500', '2021-07-16', '14:20', 4332.75)",long,"(95, 50)",6,65,66,6,50,-17,-25.757575757575758
595,"('US 500', '2021-07-16', '14:20', 4332.75)",long,"(95, 50)",6,66,67,6,50,-18,-26.865671641791046
596,"('US 500', '2021-07-16', '14:20', 4332.75)",long,"(95, 50)",6,67,68,6,50,-19,-27.941176470588236
597,"('US 500', '2021-07-16', '14:20', 4332.75)",long,"(95, 50)",6,68,69,6,50,-20,-28.985507246376812
598,"('US 500', '2021-07-16', '14:20', 4332.75)",long,"(95, 40)",9,71,72,7,40,-33,-45.833333333333336
599,"('US 500', '2021-07-16', '14:20', 4332.75)",long,"(95, 40)",9,72,73,7,40,-34,-46.57534246575342
600,"('US 500', '2021-07-16', '14:20', 4332.75)",long,"(95, 40)",9,73,74,7,40,-35,-47.2972972972973
601,"('US 500', '2021-07-16', '14:20', 4332.75)",long,"(95, 40)",9,74,75,7,40,-36,-48.0
602,"('US 500', '2021-07-16', '14:20', 4332.75)",long,"(95, 40)",8,55,56,7,40,-17,-30.357142857142858
603,"('US 500', '2021-07-16', '14:20', 4332.75)",long,"(95, 40)",8,56,57,7,40,-18,-31.57894736842105
604,"('US 500', '2021-07-16', '14:20', 4332.75)",long,"(95, 40)",8,57,58,7,40,-19,-32.758620689655174
605,"('US 500', '2021-07-16', '14:20', 4332.75)",long,"(95, 40)",8,58,59,7,40,-20,-33.898305084745765
606,"('US 500', '2021-07-16', '14:20', 4332.75)",long,"(95, 40)",8,59,60,7,40,-21,-35.0
607,"('US 500', '2021-07-16', '14:20', 4332.75)",long,"(95, 40)",8,60,61,7,40,-22,-36.0655737704918
608,"('US 500', '2021-07-16', '14:20', 4332.75)",long,"(95, 40)",8,61,62,7,40,-23,-37.096774193548384
609,"('US 500', '2021-07-16', '14:20', 4332.75)",long,"(95, 40)",8,62,63,7,40,-24,-38.095238095238095
610,"('US 500', '2021-07-16', '14:20', 4332.75)",long,"(95, 40)",8,63,64,7,40,-25,-39.0625
611,"('US 500', '2021-07-16', '14:20', 4332.75)",long,"(95, 40)",8,64,65,7,40,-26,-40.0
612,"('US 500', '2021-07-16', '14:20', 4332.75)",long,"(95, 40)",8,65,66,7,40,-27,-40.90909090909091
613,"('US 500', '2021-07-16', '14:20', 4332.75)",long,"(95, 40)",8,66,67,7,40,-28,-41.791044776119406
614,"('US 500', '2021-07-16', '14:20', 4332.75)",long,"(95, 40)",8,67,68,7,40,-29,-42.64705882352941
615,"('US 500', '2021-07-16', '14:20', 4332.75)",long,"(95, 40)",8,68,69,7,40,-30,-43.47826086956522
616,"('US 500', '2021-07-16', '14:20', 4332.75)",long,"(95, 40)",8,69,70,7,40,-31,-44.285714285714285
617,"('US 500', '2021-07-16', '14:20', 4332.75)",long,"(95, 40)",8,70,71,7,40,-32,-45.070422535211264
618,"('US 500', '2021-07-16', '14:20', 4332.75)",long,"(95, 40)",8,71,72,7,40,-33,-45.833333333333336
619,"('US 500', '2021-07-16', '14:20', 4332.75)",long,"(95, 40)",8,72,73,7,40,-34,-46.57534246575342
620,"('US 500', '2021-07-16', '14:20', 4332.75)",long,"(95, 40)",8,73,74,7,40,-35,-47.2972972972973
621,"('US 500', '2021-07-16', '14:20', 4332.75)",long,"(95, 40)",8,74,75,7,40,-36,-48.0
622,"('US 500', '2021-07-16', '14:20', 4332.75)",long,"(95, 40)",7,55,56,7,40,-17,-30.357142857142858
623,"('US 500', '2021-07-16', '14:20', 4332.75)",long,"(95, 40)",7,56,57,7,40,-18,-31.57894736842105
624,"('US 500', '2021-07-16', '14:20', 4332.75)",long,"(95, 40)",7,57,58,7,40,-19,-32.758620689655174
625,"('US 500', '2021-07-16', '14:20', 4332.75)",long,"(95, 40)",7,58,59,7,40,-20,-33.898305084745765
626,"('US 500', '2021-07-16', '14:20', 4332.75)",long,"(95, 40)",7,59,60,7,40,-21,-35.0
627,"('US 500', '2021-07-16', '14:20', 4332.75)",long,"(95, 40)",7,60,61,7,40,-22,-36.0655737704918
628,"('US 500', '2021-07-16', '14:20', 4332.75)",long,"(95, 40)",7,61,62,7,40,-23,-37.096774193548384
629,"('US 500', '2021-07-16', '14:20', 4332.75)",long,"(95, 40)",7,62,63,7,40,-24,-38.095238095238095
630,"('US 500', '2021-07-16', '14:20', 4332.75)",long,"(95, 40)",6,55,56,6,40,-17,-30.357142857142858
631,"('US 500', '2021-07-16', '14:20', 4332.75)",long,"(95, 40)",6,56,57,6,40,-18,-31.57894736842105
632,"('US 500', '2021-07-16', '14:20', 4332.75)",long,"(95, 40)",6,57,58,6,40,-19,-32.758620689655174
633,"('US 500', '2021-07-16', '14:20', 4332.75)",long,"(95, 40)",6,58,59,6,40,-20,-33.898305084745765
634,"('US 500', '2021-07-16', '14:20', 4332.75)",long,"(95, 40)",6,59,60,6,40,-21,-35.0
635,"('US 500', '2021-07-16', '14:20', 4332.75)",long,"(95, 40)",6,60,61,6,40,-22,-36.0655737704918
636,"('US 500', '2021-07-16', '14:20', 4332.75)",long,"(95, 40)",6,61,62,6,40,-23,-37.096774193548384
637,"('US 500', '2021-07-16', '14:20', 4332.75)",long,"(95, 40)",6,62,63,6,40,-24,-38.095238095238095
638,"('US 500', '2021-07-16', '14:20', 4332.75)",long,"(95, 40)",6,63,64,6,40,-25,-39.0625
639,"('US 500', '2021-07-16', '14:20', 4332.75)",long,"(95, 40)",6,64,65,6,40,-26,-40.0
640,"('US 500', '2021-07-16', '14:20', 4332.75)",long,"(95, 40)",6,65,66,6,40,-27,-40.90909090909091
641,"('US 500', '2021-07-16', '14:20', 4332.75)",long,"(95, 40)",6,66,67,6,40,-28,-41.791044776119406
642,"('US 500', '2021-07-16', '14:20', 4332.75)",long,"(95, 40)",6,67,68,6,40,-29,-42.64705882352941
643,"('US 500', '2021-07-16', '14:20', 4332.75)",long,"(95, 40)",6,68,69,6,40,-30,-43.47826086956522
644,"('US 500', '2021-07-16', '14:20', 4332.75)",short,"(25, 50)",7,30,71,7,50,-22,-30.985915492957748
645,"('US 500', '2021-07-16', '14:20', 4332.75)",short,"(25, 50)",7,31,70,7,50,-21,-30.0
646,"('US 500', '2021-07-16', '14:20', 4332.75)",short,"(25, 50)",7,32,69,7,50,-20,-28.985507246376812
647,"('US 500', '2021-07-16', '14:20', 4332.75)",short,"(25, 50)",7,33,68,7,50,-19,-27.941176470588236
648,"('US 500', '2021-07-16', '14:20', 4332.75)",short,"(25, 50)",7,34,67,7,50,-18,-26.865671641791046
649,"('US 500', '2021-07-16', '14:20', 4332.75)",short,"(25, 50)",7,35,66,7,50,-17,-25.757575757575758
650,"('US 500', '2021-07-16', '14:20', 4332.75)",short,"(25, 50)",7,36,65,7,50,-16,-24.615384615384617
651,"('US 500', '2021-07-16', '14:20', 4332.75)",short,"(25, 50)",7,37,64,7,50,-15,-23.4375
652,"('US 500', '2021-07-16', '14:20', 4332.75)",short,"(25, 50)",7,38,63,7,50,-14,-22.22222222222222
653,"('US 500', '2021-07-16', '14:20', 4332.75)",short,"(25, 50)",7,39,62,7,50,-13,-20.967741935483872
654,"('US 500', '2021-07-16', '14:20', 4332.75)",short,"(25, 50)",7,40,61,7,50,-12,-19.672131147540984
655,"('US 500', '2021-07-16', '14:20', 4332.75)",short,"(25, 50)",7,41,60,7,50,-11,-18.333333333333332
656,"('US 500', '2021-07-16', '14:20', 4332.75)",short,"(25, 50)",7,42,59,7,50,-10,-16.949152542372882
657,"('US 500', '2021-07-16', '14:20', 4332.75)",short,"(25, 50)",7,43,58,7,50,-9,-15.517241379310345
658,"('US 500', '2021-07-16', '14:20', 4332.75)",short,"(25, 50)",7,44,57,7,50,-8,-14.035087719298245
659,"('US 500', '2021-07-16', '14:20', 4332.75)",short,"(25, 50)",7,45,56,7,50,-7,-12.5
660,"('US 500', '2021-07-16', '14:20', 4332.75)",short,"(25, 50)",6,34,67,6,50,-18,-26.865671641791046
661,"('US 500', '2021-07-16', '14:20', 4332.75)",short,"(25, 50)",6,35,66,6,50,-17,-25.757575757575758
662,"('US 500', '2021-07-16', '14:20', 4332.75)",short,"(25, 50)",6,36,65,6,50,-16,-24.615384615384617
663,"('US 500', '2021-07-16', '14:20', 4332.75)",short,"(25, 50)",6,37,64,6,50,-15,-23.4375
664,"('US 500', '2021-07-16', '14:20', 4332.75)",short,"(25, 50)",6,38,63,6,50,-14,-22.22222222222222
665,"('US 500', '2021-07-16', '14:20', 4332.75)",short,"(25, 50)",6,39,62,6,50,-13,-20.967741935483872
666,"('US 500', '2021-07-16', '14:20', 4332.75)",short,"(25, 50)",6,40,61,6,50,-12,-19.672131147540984
667,"('US 500', '2021-07-16', '14:20', 4332.75)",short,"(25, 50)",6,41,60,6,50,-11,-18.333333333333332
668,"('US 500', '2021-07-16', '14:20', 4332.75)",short,"(25, 50)",6,42,59,6,50,-10,-16.949152542372882
669,"('US 500', '2021-07-16', '14:20', 4332.75)",short,"(25, 50)",6,43,58,6,50,-9,-15.517241379310345
670,"('US 500', '2021-07-16', '14:20', 4332.75)",short,"(25, 50)",6,44,57,6,50,-8,-14.035087719298245
671,"('US 500', '2021-07-16', '14:20', 4332.75)",short,"(25, 50)",6,45,56,6,50,-7,-12.5
672,"('US 500', '2021-07-16', '14:20', 4332.75)",short,"(25, 60)",7,30,71,7,60,-32,-45.070422535211264
673,"('US 500', '2021-07-16', '14:20', 4332.75)",short,"(25, 60)",7,31,70,7,60,-31,-44.285714285714285
674,"('US 500', '2021-07-16', '14:20', 4332.75)",short,"(25, 60)",7,32,69,7,60,-30,-43.47826086956522
675,"('US 500', '2021-07-16', '14:20', 4332.75)",short,"(25, 60)",7,33,68,7,60,-29,-42.64705882352941
676,"('US 500', '2021-07-16', '14:20', 4332.75)",short,"(25, 60)",7,34,67,7,60,-28,-41.791044776119406
677,"('US 500', '2021-07-16', '14:20', 4332.75)",short,"(25, 60)",7,35,66,7,60,-27,-40.90909090909091
678,"('US 500', '2021-07-16', '14:20', 4332.75)",short,"(25, 60)",7,36,65,7,60,-26,-40.0
679,"('US 500', '2021-07-16', '14:20', 4332.75)",short,"(25, 60)",7,37,64,7,60,-25,-39.0625
680,"('US 500', '2021-07-16', '14:20', 4332.75)",short,"(25, 60)",7,38,63,7,60,-24,-38.095238095238095
681,"('US 500', '2021-07-16', '14:20', 4332.75)",short,"(25, 60)",7,39,62,7,60,-23,-37.096774193548384
682,"('US 500', '2021-07-16', '14:20', 4332.75)",short,"(25, 60)",7,40,61,7,60,-22,-36.0655737704918
683,"('US 500', '2021-07-16', '14:20', 4332.75)",short,"(25, 60)",7,41,60,7,60,-21,-35.0
684,"('US 500', '2021-07-16', '14:20', 4332.75)",short,"(25, 60)",7,42,59,7,60,-20,-33.898305084745765
685,"('US 500', '2021-07-16', '14:20', 4332.75)",short,"(25, 60)",7,43,58,7,60,-19,-32.758620689655174
686,"('US 500', '2021-07-16', '14:20', 4332.75)",short,"(25, 60)",7,44,57,7,60,-18,-31.57894736842105
687,"('US 500', '2021-07-16', '14:20', 4332.75)",short,"(25, 60)",7,45,56,7,60,-17,-30.357142857142858
688,"('US 500', '2021-07-16', '14:20', 4332.75)",short,"(25, 60)",6,34,67,6,60,-28,-41.791044776119406
689,"('US 500', '2021-07-16', '14:20', 4332.75)",short,"(25, 60)",6,35,66,6,60,-27,-40.90909090909091
690,"('US 500', '2021-07-16', '14:20', 4332.75)",short,"(25, 60)",6,36,65,6,60,-26,-40.0
691,"('US 500', '2021-07-16', '14:20', 4332.75)",short,"(25, 60)",6,37,64,6,60,-25,-39.0625
692,"('US 500', '2021-07-16', '14:20', 4332.75)",short,"(25, 60)",6,38,63,6,60,-24,-38.095238095238095
693,"('US 500', '2021-07-16', '14:20', 4332.75)",short,"(25, 60)",6,39,62,6,60,-23,-37.096774193548384
694,"('US 500', '2021-07-16', '14:20', 4332.75)",short,"(25, 60)",6,40,61,6,60,-22,-36.0655737704918
695,"('US 500', '2021-07-16', '14:20', 4332.75)",short,"(25, 60)",6,41,60,6,60,-21,-35.0
696,"('US 500', '2021-07-16', '14:20', 4332.75)",short,"(25, 60)",6,42,59,6,60,-20,-33.898305084745765
697,"('US 500', '2021-07-16', '14:20', 4332.75)",short,"(25, 60)",6,43,58,6,60,-19,-32.758620689655174
698,"('US 500', '2021-07-16', '14:20', 4332.75)",short,"(25, 60)",6,44,57,6,60,-18,-31.57894736842105
699,"('US 500', '2021-07-16', '14:20', 4332.75)",short,"(25, 60)",6,45,56,6,60,-17,-30.357142857142858
700,"('US 500', '2021-07-16', '14:20', 4332.75)",short,"(20, 50)",7,30,71,7,50,-22,-30.985915492957748
701,"('US 500', '2021-07-16', '14:20', 4332.75)",short,"(20, 50)",7,31,70,7,50,-21,-30.0
702,"('US 500', '2021-07-16', '14:20', 4332.75)",short,"(20, 50)",7,32,69,7,50,-20,-28.985507246376812
703,"('US 500', '2021-07-16', '14:20', 4332.75)",short,"(20, 50)",7,33,68,7,50,-19,-27.941176470588236
704,"('US 500', '2021-07-16', '14:20', 4332.75)",short,"(20, 50)",7,34,67,7,50,-18,-26.865671641791046
705,"('US 500', '2021-07-16', '14:20', 4332.75)",short,"(20, 50)",7,35,66,7,50,-17,-25.757575757575758
706,"('US 500', '2021-07-16', '14:20', 4332.75)",short,"(20, 50)",7,36,65,7,50,-16,-24.615384615384617
707,"('US 500', '2021-07-16', '14:20', 4332.75)",short,"(20, 50)",7,37,64,7,50,-15,-23.4375
708,"('US 500', '2021-07-16', '14:20', 4332.75)",short,"(20, 50)",7,38,63,7,50,-14,-22.22222222222222
709,"('US 500', '2021-07-16', '14:20', 4332.75)",short,"(20, 50)",7,39,62,7,50,-13,-20.967741935483872
710,"('US 500', '2021-07-16', '14:20', 4332.75)",short,"(20, 50)",7,40,61,7,50,-12,-19.672131147540984
711,"('US 500', '2021-07-16', '14:20', 4332.75)",short,"(20, 50)",7,41,60,7,50,-11,-18.333333333333332
712,"('US 500', '2021-07-16', '14:20', 4332.75)",short,"(20, 50)",7,42,59,7,50,-10,-16.949152542372882
713,"('US 500', '2021-07-16', '14:20', 4332.75)",short,"(20, 50)",7,43,58,7,50,-9,-15.517241379310345
714,"('US 500', '2021-07-16', '14:20', 4332.75)",short,"(20, 50)",7,44,57,7,50,-8,-14.035087719298245
715,"('US 500', '2021-07-16', '14:20', 4332.75)",short,"(20, 50)",7,45,56,7,50,-7,-12.5
716,"('US 500', '2021-07-16', '14:20', 4332.75)",short,"(20, 50)",6,34,67,6,50,-18,-26.865671641791046
717,"('US 500', '2021-07-16', '14:20', 4332.75)",short,"(20, 50)",6,35,66,6,50,-17,-25.757575757575758
718,"('US 500', '2021-07-16', '14:20', 4332.75)",short,"(20, 50)",6,36,65,6,50,-16,-24.615384615384617
719,"('US 500', '2021-07-16', '14:20', 4332.75)",short,"(20, 50)",6,37,64,6,50,-15,-23.4375
720,"('US 500', '2021-07-16', '14:20', 4332.75)",short,"(20, 50)",6,38,63,6,50,-14,-22.22222222222222
721,"('US 500', '2021-07-16', '14:20', 4332.75)",short,"(20, 50)",6,39,62,6,50,-13,-20.967741935483872
722,"('US 500', '2021-07-16', '14:20', 4332.75)",short,"(20, 50)",6,40,61,6,50,-12,-19.672131147540984
723,"('US 500', '2021-07-16', '14:20', 4332.75)",short,"(20, 50)",6,41,60,6,50,-11,-18.333333333333332
724,"('US 500', '2021-07-16', '14:20', 4332.75)",short,"(20, 50)",6,42,59,6,50,-10,-16.949152542372882
725,"('US 500', '2021-07-16', '14:20', 4332.75)",short,"(20, 50)",6,43,58,6,50,-9,-15.517241379310345
726,"('US 500', '2021-07-16', '14:20', 4332.75)",short,"(20, 50)",6,44,57,6,50,-8,-14.035087719298245
727,"('US 500', '2021-07-16', '14:20', 4332.75)",short,"(20, 50)",6,45,56,6,50,-7,-12.5
728,"('US 500', '2021-07-16', '14:20', 4332.75)",short,"(20, 60)",7,30,71,7,60,-32,-45.070422535211264
729,"('US 500', '2021-07-16', '14:20', 4332.75)",short,"(20, 60)",7,31,70,7,60,-31,-44.285714285714285
730,"('US 500', '2021-07-16', '14:20', 4332.75)",short,"(20, 60)",7,32,69,7,60,-30,-43.47826086956522
731,"('US 500', '2021-07-16', '14:20', 4332.75)",short,"(20, 60)",7,33,68,7,60,-29,-42.64705882352941
732,"('US 500', '2021-07-16', '14:20', 4332.75)",short,"(20, 60)",7,34,67,7,60,-28,-41.791044776119406
733,"('US 500', '2021-07-16', '14:20', 4332.75)",short,"(20, 60)",7,35,66,7,60,-27,-40.90909090909091
734,"('US 500', '2021-07-16', '14:20', 4332.75)",short,"(20, 60)",7,36,65,7,60,-26,-40.0
735,"('US 500', '2021-07-16', '14:20', 4332.75)",short,"(20, 60)",7,37,64,7,60,-25,-39.0625
736,"('US 500', '2021-07-16', '14:20', 4332.75)",short,"(20, 60)",7,38,63,7,60,-24,-38.095238095238095
737,"('US 500', '2021-07-16', '14:20', 4332.75)",short,"(20, 60)",7,39,62,7,60,-23,-37.096774193548384
738,"('US 500', '2021-07-16', '14:20', 4332.75)",short,"(20, 60)",7,40,61,7,60,-22,-36.0655737704918
739,"('US 500', '2021-07-16', '14:20', 4332.75)",short,"(20, 60)",7,41,60,7,60,-21,-35.0
740,"('US 500', '2021-07-16', '14:20', 4332.75)",short,"(20, 60)",7,42,59,7,60,-20,-33.898305084745765
741,"('US 500', '2021-07-16', '14:20', 4332.75)",short,"(20, 60)",7,43,58,7,60,-19,-32.758620689655174
742,"('US 500', '2021-07-16', '14:20', 4332.75)",short,"(20, 60)",7,44,57,7,60,-18,-31.57894736842105
743,"('US 500', '2021-07-16', '14:20', 4332.75)",short,"(20, 60)",7,45,56,7,60,-17,-30.357142857142858
744,"('US 500', '2021-07-16', '14:20', 4332.75)",short,"(20, 60)",6,34,67,6,60,-28,-41.791044776119406
745,"('US 500', '2021-07-16', '14:20', 4332.75)",short,"(20, 60)",6,35,66,6,60,-27,-40.90909090909091
746,"('US 500', '2021-07-16', '14:20', 4332.75)",short,"(20, 60)",6,36,65,6,60,-26,-40.0
747,"('US 500', '2021-07-16', '14:20', 4332.75)",short,"(20, 60)",6,37,64,6,60,-25,-39.0625
748,"('US 500', '2021-07-16', '14:20', 4332.75)",short,"(20, 60)",6,38,63,6,60,-24,-38.095238095238095
749,"('US 500', '2021-07-16', '14:20', 4332.75)",short,"(20, 60)",6,39,62,6,60,-23,-37.096774193548384
750,"('US 500', '2021-07-16', '14:20', 4332.75)",short,"(20, 60)",6,40,61,6,60,-22,-36.0655737704918
751,"('US 500', '2021-07-16', '14:20', 4332.75)",short,"(20, 60)",6,41,60,6,60,-21,-35.0
752,"('US 500', '2021-07-16', '14:20', 4332.75)",short,"(20, 60)",6,42,59,6,60,-20,-33.898305084745765
753,"('US 500', '2021-07-16', '14:20', 4332.75)",short,"(20, 60)",6,43,58,6,60,-19,-32.758620689655174
754,"('US 500', '2021-07-16', '14:20', 4332.75)",short,"(20, 60)",6,44,57,6,60,-18,-31.57894736842105
755,"('US 500', '2021-07-16', '14:20', 4332.75)",short,"(20, 60)",6,45,56,6,60,-17,-30.357142857142858
756,"('US 500', '2021-07-16', '14:20', 4332.75)",short,"(15, 50)",7,30,71,7,50,-22,-30.985915492957748
757,"('US 500', '2021-07-16', '14:20', 4332.75)",short,"(15, 50)",7,31,70,7,50,-21,-30.0
758,"('US 500', '2021-07-16', '14:20', 4332.75)",short,"(15, 50)",7,32,69,7,50,-20,-28.985507246376812
759,"('US 500', '2021-07-16', '14:20', 4332.75)",short,"(15, 50)",7,33,68,7,50,-19,-27.941176470588236
760,"('US 500', '2021-07-16', '14:20', 4332.75)",short,"(15, 50)",7,34,67,7,50,-18,-26.865671641791046
761,"('US 500', '2021-07-16', '14:20', 4332.75)",short,"(15, 50)",7,35,66,7,50,-17,-25.757575757575758
762,"('US 500', '2021-07-16', '14:20', 4332.75)",short,"(15, 50)",7,36,65,7,50,-16,-24.615384615384617
763,"('US 500', '2021-07-16', '14:20', 4332.75)",short,"(15, 50)",7,37,64,7,50,-15,-23.4375
764,"('US 500', '2021-07-16', '14:20', 4332.75)",short,"(15, 50)",7,38,63,7,50,-14,-22.22222222222222
765,"('US 500', '2021-07-16', '14:20', 4332.75)",short,"(15, 50)",7,39,62,7,50,-13,-20.967741935483872
766,"('US 500', '2021-07-16', '14:20', 4332.75)",short,"(15, 50)",7,40,61,7,50,-12,-19.672131147540984
767,"('US 500', '2021-07-16', '14:20', 4332.75)",short,"(15, 50)",7,41,60,7,50,-11,-18.333333333333332
768,"('US 500', '2021-07-16', '14:20', 4332.75)",short,"(15, 50)",7,42,59,7,50,-10,-16.949152542372882
769,"('US 500', '2021-07-16', '14:20', 4332.75)",short,"(15, 50)",7,43,58,7,50,-9,-15.517241379310345
770,"('US 500', '2021-07-16', '14:20', 4332.75)",short,"(15, 50)",7,44,57,7,50,-8,-14.035087719298245
771,"('US 500', '2021-07-16', '14:20', 4332.75)",short,"(15, 50)",7,45,56,7,50,-7,-12.5
772,"('US 500', '2021-07-16', '14:20', 4332.75)",short,"(15, 50)",6,34,67,6,50,-18,-26.865671641791046
773,"('US 500', '2021-07-16', '14:20', 4332.75)",short,"(15, 50)",6,35,66,6,50,-17,-25.757575757575758
774,"('US 500', '2021-07-16', '14:20', 4332.75)",short,"(15, 50)",6,36,65,6,50,-16,-24.615384615384617
775,"('US 500', '2021-07-16', '14:20', 4332.75)",short,"(15, 50)",6,37,64,6,50,-15,-23.4375
776,"('US 500', '2021-07-16', '14:20', 4332.75)",short,"(15, 50)",6,38,63,6,50,-14,-22.22222222222222
777,"('US 500', '2021-07-16', '14:20', 4332.75)",short,"(15, 50)",6,39,62,6,50,-13,-20.967741935483872
778,"('US 500', '2021-07-16', '14:20', 4332.75)",short,"(15, 50)",6,40,61,6,50,-12,-19.672131147540984
779,"('US 500', '2021-07-16', '14:20', 4332.75)",short,"(15, 50)",6,41,60,6,50,-11,-18.333333333333332
780,"('US 500', '2021-07-16', '14:20', 4332.75)",short,"(15, 50)",6,42,59,6,50,-10,-16.949152542372882
781,"('US 500', '2021-07-16', '14:20', 4332.75)",short,"(15, 50)",6,43,58,6,50,-9,-15.517241379310345
782,"('US 500', '2021-07-16', '14:20', 4332.75)",short,"(15, 50)",6,44,57,6,50,-8,-14.035087719298245
783,"('US 500', '2021-07-16', '14:20', 4332.75)",short,"(15, 50)",6,45,56,6,50,-7,-12.5
784,"('US 500', '2021-07-16', '14:20', 4332.75)",short,"(15, 60)",7,30,71,7,60,-32,-45.070422535211264
785,"('US 500', '2021-07-16', '14:20', 4332.75)",short,"(15, 60)",7,31,70,7,60,-31,-44.285714285714285
786,"('US 500', '2021-07-16', '14:20', 4332.75)",short,"(15, 60)",7,32,69,7,60,-30,-43.47826086956522
787,"('US 500', '2021-07-16', '14:20', 4332.75)",short,"(15, 60)",7,33,68,7,60,-29,-42.64705882352941
788,"('US 500', '2021-07-16', '14:20', 4332.75)",short,"(15, 60)",7,34,67,7,60,-28,-41.791044776119406
789,"('US 500', '2021-07-16', '14:20', 4332.75)",short,"(15, 60)",7,35,66,7,60,-27,-40.90909090909091
790,"('US 500', '2021-07-16', '14:20', 4332.75)",short,"(15, 60)",7,36,65,7,60,-26,-40.0
791,"('US 500', '2021-07-16', '14:20', 4332.75)",short,"(15, 60)",7,37,64,7,60,-25,-39.0625
792,"('US 500', '2021-07-16', '14:20', 4332.75)",short,"(15, 60)",7,38,63,7,60,-24,-38.095238095238095
793,"('US 500', '2021-07-16', '14:20', 4332.75)",short,"(15, 60)",7,39,62,7,60,-23,-37.096774193548384
794,"('US 500', '2021-07-16', '14:20', 4332.75)",short,"(15, 60)",7,40,61,7,60,-22,-36.0655737704918
795,"('US 500', '2021-07-16', '14:20', 4332.75)",short,"(15, 60)",7,41,60,7,60,-21,-35.0
796,"('US 500', '2021-07-16', '14:20', 4332.75)",short,"(15, 60)",7,42,59,7,60,-20,-33.898305084745765
797,"('US 500', '2021-07-16', '14:20', 4332.75)",short,"(15, 60)",7,43,58,7,60,-19,-32.758620689655174
798,"('US 500', '2021-07-16', '14:20', 4332.75)",short,"(15, 60)",7,44,57,7,60,-18,-31.57894736842105
799,"('US 500', '2021-07-16', '14:20', 4332.75)",short,"(15, 60)",7,45,56,7,60,-17,-30.357142857142858
800,"('US 500', '2021-07-16', '14:20', 4332.75)",short,"(15, 60)",6,34,67,6,60,-28,-41.791044776119406
801,"('US 500', '2021-07-16', '14:20', 4332.75)",short,"(15, 60)",6,35,66,6,60,-27,-40.90909090909091
802,"('US 500', '2021-07-16', '14:20', 4332.75)",short,"(15, 60)",6,36,65,6,60,-26,-40.0
803,"('US 500', '2021-07-16', '14:20', 4332.75)",short,"(15, 60)",6,37,64,6,60,-25,-39.0625
804,"('US 500', '2021-07-16', '14:20', 4332.75)",short,"(15, 60)",6,38,63,6,60,-24,-38.095238095238095
805,"('US 500', '2021-07-16', '14:20', 4332.75)",short,"(15, 60)",6,39,62,6,60,-23,-37.096774193548384
806,"('US 500', '2021-07-16', '14:20', 4332.75)",short,"(15, 60)",6,40,61,6,60,-22,-36.0655737704918
807,"('US 500', '2021-07-16', '14:20', 4332.75)",short,"(15, 60)",6,41,60,6,60,-21,-35.0
808,"('US 500', '2021-07-16', '14:20', 4332.75)",short,"(15, 60)",6,42,59,6,60,-20,-33.898305084745765
809,"('US 500', '2021-07-16', '14:20', 4332.75)",short,"(15, 60)",6,43,58,6,60,-19,-32.758620689655174
810,"('US 500', '2021-07-16', '14:20', 4332.75)",short,"(15, 60)",6,44,57,6,60,-18,-31.57894736842105
811,"('US 500', '2021-07-16', '14:20', 4332.75)",short,"(15, 60)",6,45,56,6,60,-17,-30.357142857142858
812,"('US 500', '2021-07-16', '14:20', 4332.75)",short,"(10, 50)",7,30,71,7,50,-22,-30.985915492957748
813,"('US 500', '2021-07-16', '14:20', 4332.75)",short,"(10, 50)",7,31,70,7,50,-21,-30.0
814,"('US 500', '2021-07-16', '14:20', 4332.75)",short,"(10, 50)",7,32,69,7,50,-20,-28.985507246376812
815,"('US 500', '2021-07-16', '14:20', 4332.75)",short,"(10, 50)",7,33,68,7,50,-19,-27.941176470588236
816,"('US 500', '2021-07-16', '14:20', 4332.75)",short,"(10, 50)",7,34,67,7,50,-18,-26.865671641791046
817,"('US 500', '2021-07-16', '14:20', 4332.75)",short,"(10, 50)",7,35,66,7,50,-17,-25.757575757575758
818,"('US 500', '2021-07-16', '14:20', 4332.75)",short,"(10, 50)",7,36,65,7,50,-16,-24.615384615384617
819,"('US 500', '2021-07-16', '14:20', 4332.75)",short,"(10, 50)",7,37,64,7,50,-15,-23.4375
820,"('US 500', '2021-07-16', '14:20', 4332.75)",short,"(10, 50)",7,38,63,7,50,-14,-22.22222222222222
821,"('US 500', '2021-07-16', '14:20', 4332.75)",short,"(10, 50)",7,39,62,7,50,-13,-20.967741935483872
822,"('US 500', '2021-07-16', '14:20', 4332.75)",short,"(10, 50)",7,40,61,7,50,-12,-19.672131147540984
823,"('US 500', '2021-07-16', '14:20', 4332.75)",short,"(10, 50)",7,41,60,7,50,-11,-18.333333333333332
824,"('US 500', '2021-07-16', '14:20', 4332.75)",short,"(10, 50)",7,42,59,7,50,-10,-16.949152542372882
825,"('US 500', '2021-07-16', '14:20', 4332.75)",short,"(10, 50)",7,43,58,7,50,-9,-15.517241379310345
826,"('US 500', '2021-07-16', '14:20', 4332.75)",short,"(10, 50)",7,44,57,7,50,-8,-14.035087719298245
827,"('US 500', '2021-07-16', '14:20', 4332.75)",short,"(10, 50)",7,45,56,7,50,-7,-12.5
828,"('US 500', '2021-07-16', '14:20', 4332.75)",short,"(10, 50)",6,34,67,6,50,-18,-26.865671641791046
829,"('US 500', '2021-07-16', '14:20', 4332.75)",short,"(10, 50)",6,35,66,6,50,-17,-25.757575757575758
830,"('US 500', '2021-07-16', '14:20', 4332.75)",short,"(10, 50)",6,36,65,6,50,-16,-24.615384615384617
831,"('US 500', '2021-07-16', '14:20', 4332.75)",short,"(10, 50)",6,37,64,6,50,-15,-23.4375
832,"('US 500', '2021-07-16', '14:20', 4332.75)",short,"(10, 50)",6,38,63,6,50,-14,-22.22222222222222
833,"('US 500', '2021-07-16', '14:20', 4332.75)",short,"(10, 50)",6,39,62,6,50,-13,-20.967741935483872
834,"('US 500', '2021-07-16', '14:20', 4332.75)",short,"(10, 50)",6,40,61,6,50,-12,-19.672131147540984
835,"('US 500', '2021-07-16', '14:20', 4332.75)",short,"(10, 50)",6,41,60,6,50,-11,-18.333333333333332
836,"('US 500', '2021-07-16', '14:20', 4332.75)",short,"(10, 50)",6,42,59,6,50,-10,-16.949152542372882
837,"('US 500', '2021-07-16', '14:20', 4332.75)",short,"(10, 50)",6,43,58,6,50,-9,-15.517241379310345
838,"('US 500', '2021-07-16', '14:20', 4332.75)",short,"(10, 50)",6,44,57,6,50,-8,-14.035087719298245
839,"('US 500', '2021-07-16', '14:20', 4332.75)",short,"(10, 50)",6,45,56,6,50,-7,-12.5
840,"('US 500', '2021-07-16', '14:20', 4332.75)",short,"(10, 60)",7,30,71,7,60,-32,-45.070422535211264
841,"('US 500', '2021-07-16', '14:20', 4332.75)",short,"(10, 60)",7,31,70,7,60,-31,-44.285714285714285
842,"('US 500', '2021-07-16', '14:20', 4332.75)",short,"(10, 60)",7,32,69,7,60,-30,-43.47826086956522
843,"('US 500', '2021-07-16', '14:20', 4332.75)",short,"(10, 60)",7,33,68,7,60,-29,-42.64705882352941
844,"('US 500', '2021-07-16', '14:20', 4332.75)",short,"(10, 60)",7,34,67,7,60,-28,-41.791044776119406
845,"('US 500', '2021-07-16', '14:20', 4332.75)",short,"(10, 60)",7,35,66,7,60,-27,-40.90909090909091
846,"('US 500', '2021-07-16', '14:20', 4332.75)",short,"(10, 60)",7,36,65,7,60,-26,-40.0
847,"('US 500', '2021-07-16', '14:20', 4332.75)",short,"(10, 60)",7,37,64,7,60,-25,-39.0625
848,"('US 500', '2021-07-16', '14:20', 4332.75)",short,"(10, 60)",7,38,63,7,60,-24,-38.095238095238095
849,"('US 500', '2021-07-16', '14:20', 4332.75)",short,"(10, 60)",7,39,62,7,60,-23,-37.096774193548384
850,"('US 500', '2021-07-16', '14:20', 4332.75)",short,"(10, 60)",7,40,61,7,60,-22,-36.0655737704918
851,"('US 500', '2021-07-16', '14:20', 4332.75)",short,"(10, 60)",7,41,60,7,60,-21,-35.0
852,"('US 500', '2021-07-16', '14:20', 4332.75)",short,"(10, 60)",7,42,59,7,60,-20,-33.898305084745765
853,"('US 500', '2021-07-16', '14:20', 4332.75)",short,"(10, 60)",7,43,58,7,60,-19,-32.758620689655174
854,"('US 500', '2021-07-16', '14:20', 4332.75)",short,"(10, 60)",7,44,57,7,60,-18,-31.57894736842105
855,"('US 500', '2021-07-16', '14:20', 4332.75)",short,"(10, 60)",7,45,56,7,60,-17,-30.357142857142858
856,"('US 500', '2021-07-16', '14:20', 4332.75)",short,"(10, 60)",6,34,67,6,60,-28,-41.791044776119406
857,"('US 500', '2021-07-16', '14:20', 4332.75)",short,"(10, 60)",6,35,66,6,60,-27,-40.90909090909091
858,"('US 500', '2021-07-16', '14:20', 4332.75)",short,"(10, 60)",6,36,65,6,60,-26,-40.0
859,"('US 500', '2021-07-16', '14:20', 4332.75)",short,"(10, 60)",6,37,64,6,60,-25,-39.0625
860,"('US 500', '2021-07-16', '14:20', 4332.75)",short,"(10, 60)",6,38,63,6,60,-24,-38.095238095238095
861,"('US 500', '2021-07-16', '14:20', 4332.75)",short,"(10, 60)",6,39,62,6,60,-23,-37.096774193548384
862,"('US 500', '2021-07-16', '14:20', 4332.75)",short,"(10, 60)",6,40,61,6,60,-22,-36.0655737704918
863,"('US 500', '2021-07-16', '14:20', 4332.75)",short,"(10, 60)",6,41,60,6,60,-21,-35.0
864,"('US 500', '2021-07-16', '14:20', 4332.75)",short,"(10, 60)",6,42,59,6,60,-20,-33.898305084745765
865,"('US 500', '2021-07-16', '14:20', 4332.75)",short,"(10, 60)",6,43,58,6,60,-19,-32.758620689655174
866,"('US 500', '2021-07-16', '14:20', 4332.75)",short,"(10, 60)",6,44,57,6,60,-18,-31.57894736842105
867,"('US 500', '2021-07-16', '14:20', 4332.75)",short,"(10, 60)",6,45,56,6,60,-17,-30.357142857142858
868,"('US 500', '2021-07-16', '14:20', 4332.75)",short,"(5, 50)",7,30,71,7,50,-22,-30.985915492957748
869,"('US 500', '2021-07-16', '14:20', 4332.75)",short,"(5, 50)",7,31,70,7,50,-21,-30.0
870,"('US 500', '2021-07-16', '14:20', 4332.75)",short,"(5, 50)",7,32,69,7,50,-20,-28.985507246376812
871,"('US 500', '2021-07-16', '14:20', 4332.75)",short,"(5, 50)",7,33,68,7,50,-19,-27.941176470588236
872,"('US 500', '2021-07-16', '14:20', 4332.75)",short,"(5, 50)",7,34,67,7,50,-18,-26.865671641791046
873,"('US 500', '2021-07-16', '14:20', 4332.75)",short,"(5, 50)",7,35,66,7,50,-17,-25.757575757575758
874,"('US 500', '2021-07-16', '14:20', 4332.75)",short,"(5, 50)",7,36,65,7,50,-16,-24.615384615384617
875,"('US 500', '2021-07-16', '14:20', 4332.75)",short,"(5, 50)",7,37,64,7,50,-15,-23.4375
876,"('US 500', '2021-07-16', '14:20', 4332.75)",short,"(5, 50)",7,38,63,7,50,-14,-22.22222222222222
877,"('US 500', '2021-07-16', '14:20', 4332.75)",short,"(5, 50)",7,39,62,7,50,-13,-20.967741935483872
878,"('US 500', '2021-07-16', '14:20', 4332.75)",short,"(5, 50)",7,40,61,7,50,-12,-19.672131147540984
879,"('US 500', '2021-07-16', '14:20', 4332.75)",short,"(5, 50)",7,41,60,7,50,-11,-18.333333333333332
880,"('US 500', '2021-07-16', '14:20', 4332.75)",short,"(5, 50)",7,42,59,7,50,-10,-16.949152542372882
881,"('US 500', '2021-07-16', '14:20', 4332.75)",short,"(5, 50)",7,43,58,7,50,-9,-15.517241379310345
882,"('US 500', '2021-07-16', '14:20', 4332.75)",short,"(5, 50)",7,44,57,7,50,-8,-14.035087719298245
883,"('US 500', '2021-07-16', '14:20', 4332.75)",short,"(5, 50)",7,45,56,7,50,-7,-12.5
884,"('US 500', '2021-07-16', '14:20', 4332.75)",short,"(5, 50)",6,34,67,6,50,-18,-26.865671641791046
885,"('US 500', '2021-07-16', '14:20', 4332.75)",short,"(5, 50)",6,35,66,6,50,-17,-25.757575757575758
886,"('US 500', '2021-07-16', '14:20', 4332.75)",short,"(5, 50)",6,36,65,6,50,-16,-24.615384615384617
887,"('US 500', '2021-07-16', '14:20', 4332.75)",short,"(5, 50)",6,37,64,6,50,-15,-23.4375
888,"('US 500', '2021-07-16', '14:20', 4332.75)",short,"(5, 50)",6,38,63,6,50,-14,-22.22222222222222
889,"('US 500', '2021-07-16', '14:20', 4332.75)",short,"(5, 50)",6,39,62,6,50,-13,-20.967741935483872
890,"('US 500', '2021-07-16', '14:20', 4332.75)",short,"(5, 50)",6,40,61,6,50,-12,-19.672131147540984
891,"('US 500', '2021-07-16', '14:20', 4332.75)",short,"(5, 50)",6,41,60,6,50,-11,-18.333333333333332
892,"('US 500', '2021-07-16', '14:20', 4332.75)",short,"(5, 50)",6,42,59,6,50,-10,-16.949152542372882
893,"('US 500', '2021-07-16', '14:20', 4332.75)",short,"(5, 50)",6,43,58,6,50,-9,-15.517241379310345
894,"('US 500', '2021-07-16', '14:20', 4332.75)",short,"(5, 50)",6,44,57,6,50,-8,-14.035087719298245
895,"('US 500', '2021-07-16', '14:20', 4332.75)",short,"(5, 50)",6,45,56,6,50,-7,-12.5
896,"('US 500', '2021-07-16', '14:20', 4332.75)",short,"(5, 60)",7,30,71,7,60,-32,-45.070422535211264
897,"('US 500', '2021-07-16', '14:20', 4332.75)",short,"(5, 60)",7,31,70,7,60,-31,-44.285714285714285
898,"('US 500', '2021-07-16', '14:20', 4332.75)",short,"(5, 60)",7,32,69,7,60,-30,-43.47826086956522
899,"('US 500', '2021-07-16', '14:20', 4332.75)",short,"(5, 60)",7,33,68,7,60,-29,-42.64705882352941
900,"('US 500', '2021-07-16', '14:20', 4332.75)",short,"(5, 60)",7,34,67,7,60,-28,-41.791044776119406
901,"('US 500', '2021-07-16', '14:20', 4332.75)",short,"(5, 60)",7,35,66,7,60,-27,-40.90909090909091
902,"('US 500', '2021-07-16', '14:20', 4332.75)",short,"(5, 60)",7,36,65,7,60,-26,-40.0
903,"('US 500', '2021-07-16', '14:20', 4332.75)",short,"(5, 60)",7,37,64,7,60,-25,-39.0625
904,"('US 500', '2021-07-16', '14:20', 4332.75)",short,"(5, 60)",7,38,63,7,60,-24,-38.095238095238095
905,"('US 500', '2021-07-16', '14:20', 4332.75)",short,"(5, 60)",7,39,62,7,60,-23,-37.096774193548384
906,"('US 500', '2021-07-16', '14:20', 4332.75)",short,"(5, 60)",7,40,61,7,60,-22,-36.0655737704918
907,"('US 500', '2021-07-16', '14:20', 4332.75)",short,"(5, 60)",7,41,60,7,60,-21,-35.0
908,"('US 500', '2021-07-16', '14:20', 4332.75)",short,"(5, 60)",7,42,59,7,60,-20,-33.898305084745765
909,"('US 500', '2021-07-16', '14:20', 4332.75)",short,"(5, 60)",7,43,58,7,60,-19,-32.758620689655174
910,"('US 500', '2021-07-16', '14:20', 4332.75)",short,"(5, 60)",7,44,57,7,60,-18,-31.57894736842105
911,"('US 500', '2021-07-16', '14:20', 4332.75)",short,"(5, 60)",7,45,56,7,60,-17,-30.357142857142858
912,"('US 500', '2021-07-16', '14:20', 4332.75)",short,"(5, 60)",6,34,67,6,60,-28,-41.791044776119406
913,"('US 500', '2021-07-16', '14:20', 4332.75)",short,"(5, 60)",6,35,66,6,60,-27,-40.90909090909091
914,"('US 500', '2021-07-16', '14:20', 4332.75)",short,"(5, 60)",6,36,65,6,60,-26,-40.0
915,"('US 500', '2021-07-16', '14:20', 4332.75)",short,"(5, 60)",6,37,64,6,60,-25,-39.0625
916,"('US 500', '2021-07-16', '14:20', 4332.75)",short,"(5, 60)",6,38,63,6,60,-24,-38.095238095238095
917,"('US 500', '2021-07-16', '14:20', 4332.75)",short,"(5, 60)",6,39,62,6,60,-23,-37.096774193548384
918,"('US 500', '2021-07-16', '14:20', 4332.75)",short,"(5, 60)",6,40,61,6,60,-22,-36.0655737704918
919,"('US 500', '2021-07-16', '14:20', 4332.75)",short,"(5, 60)",6,41,60,6,60,-21,-35.0
920,"('US 500', '2021-07-16', '14:20', 4332.75)",short,"(5, 60)",6,42,59,6,60,-20,-33.898305084745765
921,"('US 500', '2021-07-16', '14:20', 4332.75)",short,"(5, 60)",6,43,58,6,60,-19,-32.758620689655174
922,"('US 500', '2021-07-16', '14:20', 4332.75)",short,"(5, 60)",6,44,57,6,60,-18,-31.57894736842105
923,"('US 500', '2021-07-16', '14:20', 4332.75)",short,"(5, 60)",6,45,56,6,60,-17,-30.357142857142858
